SEF	1.0.0
ID	STORNOWAY
Name	STORNOWAY
Lat	58.2000
Lon	-6.3000
Alt	
Source	EMULATE
Link	
Vbl	mslp
Stat	point
Units	hPa
Meta	
Year	Month	Day	Hour	Minute	Period	Value	Meta
1872	12	1	8	0	0	980.40	
1872	12	3	8	0	0	1010.50	
1872	12	4	8	0	0	1014.20	
1872	12	5	8	0	0	1001.40	
1872	12	6	8	0	0	965.80	
1872	12	7	8	0	0	976.60	
1872	12	8	8	0	0	979.70	
1872	12	9	8	0	0	974.90	
1872	12	10	8	0	0	985.80	
1872	12	11	8	0	0	1002.00	
1872	12	12	8	0	0	1011.50	
1872	12	13	8	0	0	997.30	
1872	12	14	8	0	0	1002.40	
1872	12	15	8	0	0	1011.50	
1872	12	16	8	0	0	1003.00	
1872	12	17	8	0	0	1002.00	
1872	12	18	8	0	0	1008.80	
1872	12	19	8	0	0	1004.10	
1872	12	20	8	0	0	1004.10	
1872	12	21	8	0	0	1004.70	
1872	12	22	8	0	0	1008.80	
1872	12	23	8	0	0	985.80	
1872	12	24	8	0	0	982.40	
1872	12	25	8	0	0	965.10	
1872	12	26	8	0	0	986.50	
1872	12	27	8	0	0	983.10	
1872	12	28	8	0	0	989.50	
1872	12	29	8	0	0	993.60	
1872	12	30	8	0	0	1003.40	
1872	12	31	8	0	0	987.50	
1873	1	1	8	0	0	989.20	
1873	1	2	8	0	0	975.30	
1873	1	3	8	0	0	980.40	
1873	1	4	8	0	0	993.20	
1873	1	5	8	0	0	985.80	
1873	1	6	8	0	0	989.20	
1873	1	7	8	0	0	995.60	
1873	1	8	8	0	0	976.60	
1873	1	9	8	0	0	991.50	
1873	1	10	8	0	0	984.80	
1873	1	11	8	0	0	992.60	
1873	1	12	8	0	0	999.70	
1873	1	13	8	0	0	994.90	
1873	1	14	8	0	0	994.90	
1873	1	15	8	0	0	1001.70	
1873	1	16	8	0	0	1013.20	
1873	1	17	8	0	0	998.00	
1873	1	18	8	0	0	977.30	
1873	1	19	8	0	0	954.60	
1873	1	20	8	0	0	954.60	
1873	1	21	8	0	0	972.60	
1873	1	22	8	0	0	977.00	
1873	1	23	8	0	0	989.50	
1873	1	24	8	0	0	1000.70	
1873	1	25	8	0	0	1002.40	
1873	1	26	8	0	0	992.20	
1873	1	27	8	0	0	1008.50	
1873	1	28	8	0	0	1007.10	
1873	1	29	8	0	0	1016.90	
1873	1	30	8	0	0	1018.30	
1873	1	31	8	0	0	1022.40	
1873	2	1	8	0	0	1015.90	
1873	2	2	8	0	0	1014.20	
1873	2	3	8	0	0	1017.30	
1873	2	4	8	0	0	1028.10	
1873	2	5	8	0	0	1016.30	
1873	2	6	8	0	0	1017.90	
1873	2	7	8	0	0	1028.10	
1873	2	8	8	0	0	1031.50	
1873	2	9	8	0	0	1029.10	
1873	2	10	8	0	0	1035.90	
1873	2	11	8	0	0	1030.80	
1873	2	12	8	0	0	1029.50	
1873	2	13	8	0	0	1024.00	
1873	2	14	8	0	0	1022.00	
1873	2	15	8	0	0	1023.40	
1873	2	16	8	0	0	1024.40	
1873	2	17	8	0	0	1024.00	
1873	2	18	8	0	0	1030.10	
1873	2	19	8	0	0	1029.50	
1873	2	20	8	0	0	1032.20	
1873	2	21	8	0	0	1016.90	
1873	2	22	8	0	0	1013.20	
1873	2	23	8	0	0	1009.50	
1873	2	24	8	0	0	1008.10	
1873	2	25	8	0	0	1001.70	
1873	2	26	8	0	0	981.40	
1873	2	27	8	0	0	999.00	
1873	2	28	8	0	0	1007.80	
1873	3	1	8	0	0	1000.70	
1873	3	2	8	0	0	991.20	
1873	3	3	8	0	0	1002.70	
1873	3	4	8	0	0	995.30	
1873	3	5	8	0	0	1015.60	
1873	3	6	8	0	0	1007.50	
1873	3	7	8	0	0	994.60	
1873	3	8	8	0	0	989.80	
1873	3	9	8	0	0	989.20	
1873	3	10	8	0	0	978.30	
1873	3	11	8	0	0	990.90	
1873	3	12	8	0	0	999.30	
1873	3	13	8	0	0	1002.40	
1873	3	14	8	0	0	1009.50	
1873	3	15	8	0	0	1023.40	
1873	3	16	8	0	0	1020.70	
1873	3	18	8	0	0	1017.90	
1873	3	19	8	0	0	1022.70	
1873	3	20	8	0	0	1025.70	
1873	3	21	8	0	0	1027.10	
1873	3	22	8	0	0	1021.30	
1873	3	23	8	0	0	1016.60	
1873	3	24	8	0	0	1019.60	
1873	3	25	8	0	0	1019.30	
1873	3	26	8	0	0	1017.60	
1873	3	27	8	0	0	1015.90	
1873	3	28	8	0	0	1012.20	
1873	3	29	8	0	0	1013.20	
1873	3	30	8	0	0	1013.50	
1873	3	31	8	0	0	999.30	
1873	4	1	8	0	0	1011.20	
1873	4	2	8	0	0	1015.20	
1873	4	3	8	0	0	1009.10	
1873	4	4	8	0	0	1010.50	
1873	4	5	8	0	0	1003.00	
1873	4	6	8	0	0	1006.10	
1873	4	7	8	0	0	1016.30	
1873	4	8	8	0	0	1025.10	
1873	4	9	8	0	0	1031.50	
1873	4	10	8	0	0	1032.50	
1873	4	11	8	0	0	1026.40	
1873	4	12	8	0	0	1018.30	
1873	4	13	8	0	0	1009.50	
1873	4	14	8	0	0	1009.50	
1873	4	15	8	0	0	1010.20	
1873	4	16	8	0	0	1005.40	
1873	4	17	8	0	0	1005.80	
1873	4	18	8	0	0	1011.50	
1873	4	19	8	0	0	1021.70	
1873	4	20	8	0	0	1026.40	
1873	4	21	8	0	0	1027.40	
1873	4	22	8	0	0	1023.70	
1873	4	23	8	0	0	1022.00	
1873	4	24	8	0	0	1020.70	
1873	4	25	8	0	0	1022.70	
1873	4	26	8	0	0	1025.70	
1873	4	27	8	0	0	1024.00	
1873	4	28	8	0	0	1015.60	
1873	4	29	8	0	0	1021.00	
1873	4	30	8	0	0	1015.60	
1873	5	1	8	0	0	1012.50	
1873	5	2	8	0	0	1004.10	
1873	5	3	8	0	0	1007.80	
1873	5	4	8	0	0	1003.00	
1873	5	5	8	0	0	1000.00	
1873	5	6	8	0	0	1001.40	
1873	5	7	8	0	0	999.00	
1873	5	8	8	0	0	1002.40	
1873	5	9	8	0	0	1007.80	
1873	5	10	8	0	0	1015.60	
1873	5	11	8	0	0	1011.50	
1873	5	12	8	0	0	1021.00	
1873	5	13	8	0	0	1026.40	
1873	5	14	8	0	0	1025.70	
1873	5	15	8	0	0	1022.40	
1873	5	16	8	0	0	1019.60	
1873	5	17	8	0	0	1013.50	
1873	5	18	8	0	0	1013.20	
1873	5	19	8	0	0	1016.60	
1873	5	20	8	0	0	1013.50	
1873	5	21	8	0	0	1003.70	
1873	5	22	8	0	0	1007.10	
1873	5	23	8	0	0	1000.70	
1873	5	24	8	0	0	1009.80	
1873	5	25	8	0	0	1021.70	
1873	5	26	8	0	0	1009.80	
1873	5	27	8	0	0	1011.50	
1873	5	28	8	0	0	1023.70	
1873	5	29	8	0	0	1029.10	
1873	5	30	8	0	0	1026.40	
1873	5	31	8	0	0	1023.00	
1873	6	1	8	0	0	1024.70	
1873	6	2	8	0	0	1026.40	
1873	6	3	8	0	0	1021.70	
1873	6	4	8	0	0	1014.90	
1873	6	5	8	0	0	1016.90	
1873	6	6	8	0	0	1023.70	
1873	6	7	8	0	0	1022.40	
1873	6	8	8	0	0	1021.00	
1873	6	9	8	0	0	1008.50	
1873	6	10	8	0	0	983.10	
1873	6	11	8	0	0	992.20	
1873	6	12	8	0	0	1000.30	
1873	6	13	8	0	0	1003.70	
1873	6	14	8	0	0	1004.70	
1873	6	15	8	0	0	1006.40	
1873	6	16	8	0	0	1008.50	
1873	6	17	8	0	0	1014.90	
1873	6	18	8	0	0	1008.50	
1873	6	19	8	0	0	1009.80	
1873	6	20	8	0	0	1011.20	
1873	6	21	8	0	0	1012.20	
1873	6	22	8	0	0	1006.40	
1873	6	23	8	0	0	1006.40	
1873	6	24	8	0	0	998.60	
1873	6	25	8	0	0	1007.80	
1873	6	26	8	0	0	1013.90	
1873	6	27	8	0	0	1007.50	
1873	6	28	8	0	0	1009.50	
1873	6	29	8	0	0	1011.20	
1873	6	30	8	0	0	1009.80	
1873	7	1	8	0	0	1015.90	
1873	7	2	8	0	0	1009.10	
1873	7	3	8	0	0	998.00	
1873	7	4	8	0	0	998.00	
1873	7	5	8	0	0	1004.70	
1873	7	6	8	0	0	995.30	
1873	7	7	8	0	0	1007.50	
1873	7	8	8	0	0	1009.10	
1873	7	9	8	0	0	1008.50	
1873	7	10	8	0	0	1001.40	
1873	7	11	8	0	0	1001.70	
1873	7	12	8	0	0	1000.00	
1873	7	13	8	0	0	999.30	
1873	7	14	8	0	0	995.90	
1873	7	15	8	0	0	1003.00	
1873	7	16	8	0	0	1012.50	
1873	7	17	8	0	0	1006.40	
1873	7	18	8	0	0	1003.40	
1873	7	19	8	0	0	1010.20	
1873	7	20	8	0	0	1005.40	
1873	7	21	8	0	0	1013.20	
1873	7	22	8	0	0	1011.20	
1873	7	23	8	0	0	1012.20	
1873	7	24	8	0	0	1012.50	
1873	7	25	8	0	0	1007.10	
1873	7	26	8	0	0	1008.80	
1873	7	27	8	0	0	1011.20	
1873	7	28	8	0	0	1010.50	
1873	7	29	8	0	0	1011.50	
1873	7	30	8	0	0	1006.10	
1873	7	31	8	0	0	1001.70	
1873	8	1	8	0	0	1009.10	
1873	8	2	8	0	0	1013.20	
1873	8	3	8	0	0	1011.90	
1873	8	4	8	0	0	1007.80	
1873	8	5	8	0	0	1007.50	
1873	8	6	8	0	0	1000.30	
1873	8	7	8	0	0	1008.50	
1873	8	8	8	0	0	1007.10	
1873	8	9	8	0	0	1008.50	
1873	8	10	8	0	0	1012.20	
1873	8	11	8	0	0	1009.50	
1873	8	12	8	0	0	1005.10	
1873	8	13	8	0	0	999.00	
1873	8	14	8	0	0	1006.40	
1873	8	15	8	0	0	1009.10	
1873	8	16	8	0	0	998.60	
1873	8	17	8	0	0	1007.80	
1873	8	18	8	0	0	1004.40	
1873	8	19	8	0	0	1005.40	
1873	8	20	8	0	0	1002.40	
1873	8	21	8	0	0	1005.10	
1873	8	22	8	0	0	1005.80	
1873	8	23	8	0	0	1010.80	
1873	8	24	8	0	0	1017.30	
1873	8	25	8	0	0	1017.60	
1873	8	26	8	0	0	1011.20	
1873	8	27	8	0	0	998.30	
1873	8	28	8	0	0	995.60	
1873	8	29	8	0	0	995.90	
1873	8	30	8	0	0	999.70	
1873	8	31	8	0	0	1007.10	
1873	9	1	8	0	0	999.30	
1873	9	2	8	0	0	1007.50	
1873	9	3	8	0	0	1016.90	
1873	9	4	8	0	0	1023.40	
1873	9	5	8	0	0	1026.40	
1873	9	6	8	0	0	1017.60	
1873	9	7	8	0	0	1005.40	
1873	9	8	8	0	0	1006.40	
1873	9	9	8	0	0	999.70	
1873	9	10	8	0	0	990.90	
1873	9	11	8	0	0	994.60	
1873	9	12	8	0	0	1001.40	
1873	9	13	8	0	0	1011.50	
1873	9	14	8	0	0	1003.70	
1873	9	15	8	0	0	997.30	
1873	9	16	8	0	0	1000.70	
1873	9	17	8	0	0	994.20	
1873	9	18	8	0	0	992.20	
1873	9	19	8	0	0	1010.20	
1873	9	20	8	0	0	997.30	
1873	9	21	8	0	0	1023.40	
1873	9	22	8	0	0	1026.40	
1873	9	23	8	0	0	1026.10	
1873	9	24	8	0	0	1026.10	
1873	9	25	8	0	0	1018.30	
1873	9	26	8	0	0	1016.60	
1873	9	27	8	0	0	999.30	
1873	9	28	8	0	0	1003.70	
1873	9	29	8	0	0	1018.30	
1873	9	30	8	0	0	1019.00	
1873	10	1	8	0	0	1009.80	
1873	10	2	8	0	0	1012.90	
1873	10	3	8	0	0	1008.10	
1873	10	4	8	0	0	1019.60	
1873	10	5	8	0	0	1005.40	
1873	10	6	8	0	0	1007.50	
1873	10	7	8	0	0	999.00	
1873	10	8	8	0	0	1005.10	
1873	10	9	8	0	0	999.00	
1873	10	10	8	0	0	981.00	
1873	10	11	8	0	0	982.70	
1873	10	12	8	0	0	1002.40	
1873	10	13	8	0	0	1000.30	
1873	10	14	8	0	0	1002.40	
1873	10	15	8	0	0	1008.80	
1873	10	16	8	0	0	1005.10	
1873	10	17	8	0	0	1009.10	
1873	10	18	8	0	0	1006.40	
1873	10	19	8	0	0	1016.60	
1873	10	20	8	0	0	999.00	
1873	10	21	8	0	0	992.60	
1873	10	22	8	0	0	970.20	
1873	10	23	8	0	0	970.20	
1873	10	24	8	0	0	985.40	
1873	10	25	8	0	0	1003.70	
1873	10	26	8	0	0	1016.60	
1873	10	27	8	0	0	1023.70	
1873	10	28	8	0	0	1021.70	
1873	10	29	8	0	0	1009.80	
1873	10	30	8	0	0	1008.50	
1873	10	31	8	0	0	990.20	
1873	11	1	8	0	0	968.80	
1873	11	2	8	0	0	977.00	
1873	11	3	8	0	0	988.80	
1873	11	4	8	0	0	991.90	
1873	11	5	8	0	0	1000.30	
1873	11	6	8	0	0	1007.50	
1873	11	7	8	0	0	1017.60	
1873	11	8	8	0	0	1026.80	
1873	11	9	8	0	0	1030.80	
1873	11	10	8	0	0	1030.80	
1873	11	11	8	0	0	1028.10	
1873	11	12	8	0	0	1024.70	
1873	11	13	8	0	0	1016.60	
1873	11	14	8	0	0	1023.40	
1873	11	15	8	0	0	1031.20	
1873	11	16	8	0	0	1034.20	
1873	11	17	8	0	0	1033.20	
1873	11	18	8	0	0	1030.10	
1873	11	19	8	0	0	1023.40	
1873	11	20	8	0	0	1014.90	
1873	11	21	8	0	0	997.00	
1873	11	22	8	0	0	987.80	
1873	11	23	8	0	0	986.50	
1873	11	24	8	0	0	995.90	
1873	11	25	8	0	0	1009.10	
1873	11	26	8	0	0	991.20	
1873	11	27	8	0	0	978.70	
1873	11	28	8	0	0	1003.00	
1873	11	29	8	0	0	989.20	
1873	11	30	8	0	0	1009.80	
1873	12	1	8	0	0	1002.80	
1873	12	2	8	0	0	1012.10	
1873	12	3	8	0	0	1012.10	
1873	12	4	8	0	0	1020.10	
1873	12	5	8	0	0	1012.10	
1873	12	6	8	0	0	1022.80	
1873	12	7	8	0	0	1009.50	
1873	12	8	8	0	0	1006.80	
1873	12	9	8	0	0	1012.10	
1873	12	10	8	0	0	1020.10	
1873	12	11	8	0	0	1026.80	
1873	12	12	8	0	0	1024.10	
1873	12	13	8	0	0	1022.80	
1873	12	14	8	0	0	1017.50	
1873	12	15	8	0	0	994.80	
1873	12	16	8	0	0	978.90	
1873	12	17	8	0	0	1006.80	
1873	12	18	8	0	0	1004.20	
1873	12	19	8	0	0	994.80	
1873	12	20	8	0	0	992.20	
1873	12	21	8	0	0	990.90	
1873	12	22	8	0	0	990.90	
1873	12	23	8	0	0	1001.50	
1873	12	24	8	0	0	1014.80	
1873	12	25	8	0	0	1005.50	
1873	12	26	8	0	0	1005.50	
1873	12	27	8	0	0	1002.80	
1873	12	28	8	0	0	1010.80	
1873	12	29	8	0	0	994.80	
1873	12	30	8	0	0	974.90	
1873	12	31	8	0	0	970.90	
1874	1	1	8	0	0	1000.00	
1874	1	2	8	0	0	982.10	
1874	1	3	8	0	0	987.50	
1874	1	4	8	0	0	986.50	
1874	1	5	8	0	0	1002.70	
1874	1	6	8	0	0	1004.10	
1874	1	7	8	0	0	1003.00	
1874	1	8	8	0	0	992.90	
1874	1	9	8	0	0	994.60	
1874	1	10	8	0	0	1010.50	
1874	1	11	8	0	0	996.60	
1874	1	12	8	0	0	996.60	
1874	1	13	8	0	0	1006.80	
1874	1	14	8	0	0	996.60	
1874	1	15	8	0	0	990.90	
1874	1	16	8	0	0	985.80	
1874	1	17	8	0	0	989.20	
1874	1	18	8	0	0	973.90	
1874	1	19	8	0	0	986.10	
1874	1	20	8	0	0	982.10	
1874	1	21	8	0	0	997.60	
1874	1	22	8	0	0	1008.50	
1874	1	23	8	0	0	1008.80	
1874	1	24	8	0	0	1011.90	
1874	1	25	8	0	0	1018.30	
1874	1	26	8	0	0	1011.90	
1874	1	27	8	0	0	1027.10	
1874	1	28	8	0	0	1029.10	
1874	1	29	8	0	0	1014.60	
1874	1	30	8	0	0	1020.70	
1874	1	31	8	0	0	1026.10	
1874	2	1	8	0	0	1021.40	
1874	2	2	8	0	0	1012.10	
1874	2	3	8	0	0	1024.10	
1874	2	4	8	0	0	1024.10	
1874	2	5	8	0	0	1021.40	
1874	2	6	8	0	0	1022.80	
1874	2	7	8	0	0	1009.50	
1874	2	8	8	0	0	1024.10	
1874	2	9	8	0	0	1022.80	
1874	2	10	8	0	0	1025.40	
1874	2	11	8	0	0	1013.50	
1874	2	12	8	0	0	1006.80	
1874	2	13	8	0	0	994.80	
1874	2	14	8	0	0	976.20	
1874	2	15	8	0	0	980.20	
1874	2	16	8	0	0	986.90	
1874	2	17	8	0	0	977.60	
1874	2	18	8	0	0	996.20	
1874	2	19	8	0	0	1006.80	
1874	2	20	8	0	0	1002.80	
1874	2	21	8	0	0	994.80	
1874	2	22	8	0	0	1004.20	
1874	2	23	8	0	0	1001.50	
1874	2	24	8	0	0	1000.20	
1874	2	25	8	0	0	994.80	
1874	2	26	8	0	0	972.20	
1874	2	27	8	0	0	964.20	
1874	2	28	8	0	0	998.80	
1874	3	1	8	0	0	1005.10	
1874	3	2	8	0	0	1024.00	
1874	3	3	8	0	0	1024.70	
1874	3	4	8	0	0	1024.00	
1874	3	5	8	0	0	1033.20	
1874	3	6	8	0	0	1044.00	
1874	3	7	8	0	0	1032.20	
1874	3	8	8	0	0	1003.70	
1874	3	9	8	0	0	1007.80	
1874	3	10	8	0	0	1012.90	
1874	3	11	8	0	0	1020.70	
1874	3	12	8	0	0	1012.50	
1874	3	13	8	0	0	1023.00	
1874	3	14	8	0	0	1018.60	
1874	3	15	8	0	0	1016.60	
1874	3	16	8	0	0	1007.50	
1874	3	17	8	0	0	1003.70	
1874	3	18	8	0	0	1004.70	
1874	3	19	8	0	0	995.30	
1874	3	20	8	0	0	1010.80	
1874	3	21	8	0	0	1000.70	
1874	3	22	8	0	0	1001.00	
1874	3	23	8	0	0	1012.20	
1874	3	24	8	0	0	1018.30	
1874	3	25	8	0	0	1026.40	
1874	3	26	8	0	0	1015.60	
1874	3	27	8	0	0	999.70	
1874	3	28	8	0	0	997.30	
1874	3	29	8	0	0	990.50	
1874	3	30	8	0	0	983.70	
1874	3	31	8	0	0	989.20	
1874	4	1	8	0	0	992.20	
1874	4	2	8	0	0	969.60	
1874	4	3	8	0	0	957.60	
1874	4	4	8	0	0	972.20	
1874	4	5	8	0	0	978.90	
1874	4	6	8	0	0	997.50	
1874	4	7	8	0	0	1002.80	
1874	4	8	8	0	0	997.50	
1874	4	9	8	0	0	982.90	
1874	4	10	8	0	0	984.20	
1874	4	11	8	0	0	981.50	
1874	4	12	8	0	0	996.20	
1874	4	13	8	0	0	985.50	
1874	4	14	8	0	0	1005.50	
1874	4	15	8	0	0	1008.10	
1874	4	16	8	0	0	1001.50	
1874	4	17	8	0	0	1002.80	
1874	4	18	8	0	0	1008.10	
1874	4	19	8	0	0	1004.20	
1874	4	20	8	0	0	1002.80	
1874	4	21	8	0	0	1001.50	
1874	4	22	8	0	0	1006.80	
1874	4	23	8	0	0	1000.20	
1874	4	24	8	0	0	1009.50	
1874	4	25	8	0	0	1013.50	
1874	4	26	8	0	0	1017.50	
1874	4	27	8	0	0	1018.80	
1874	4	28	8	0	0	1020.10	
1874	4	29	8	0	0	1020.10	
1874	4	30	8	0	0	1014.80	
1874	5	1	8	0	0	1014.80	
1874	5	2	8	0	0	1020.10	
1874	5	3	8	0	0	1010.80	
1874	5	4	8	0	0	1013.50	
1874	5	5	8	0	0	1013.50	
1874	5	6	8	0	0	1006.80	
1874	5	7	8	0	0	1002.80	
1874	5	8	8	0	0	1005.50	
1874	5	9	8	0	0	1002.80	
1874	5	10	8	0	0	1009.50	
1874	5	11	8	0	0	1005.50	
1874	5	12	8	0	0	1024.10	
1874	5	13	8	0	0	1024.10	
1874	5	14	8	0	0	1021.40	
1874	5	15	8	0	0	1024.10	
1874	5	16	8	0	0	1020.10	
1874	5	17	8	0	0	1022.80	
1874	5	18	8	0	0	1022.80	
1874	5	19	8	0	0	1024.10	
1874	5	20	8	0	0	1022.80	
1874	5	21	8	0	0	1016.10	
1874	5	22	8	0	0	1006.80	
1874	5	23	8	0	0	1001.50	
1874	5	24	8	0	0	1002.80	
1874	5	25	8	0	0	1005.50	
1874	5	26	8	0	0	1009.50	
1874	5	27	8	0	0	1008.10	
1874	5	28	8	0	0	998.80	
1874	5	29	8	0	0	1002.80	
1874	5	30	8	0	0	990.90	
1874	5	31	8	0	0	996.20	
1874	6	1	8	0	0	998.80	
1874	6	2	8	0	0	1000.20	
1874	6	3	8	0	0	1012.10	
1874	6	4	8	0	0	1012.10	
1874	6	5	8	0	0	1018.80	
1874	6	6	8	0	0	1008.10	
1874	6	7	8	0	0	1013.50	
1874	6	8	8	0	0	1009.50	
1874	6	9	8	0	0	1004.20	
1874	6	10	8	0	0	1008.10	
1874	6	11	8	0	0	1002.80	
1874	6	12	8	0	0	1025.40	
1874	6	13	8	0	0	1029.40	
1874	6	14	8	0	0	1030.80	
1874	6	15	8	0	0	1034.70	
1874	6	16	8	0	0	1034.70	
1874	6	17	8	0	0	1030.80	
1874	6	18	8	0	0	1026.80	
1874	6	19	8	0	0	1022.80	
1874	6	20	8	0	0	1021.40	
1874	6	21	8	0	0	1008.10	
1874	6	22	8	0	0	1006.80	
1874	6	23	8	0	0	1004.20	
1874	6	24	8	0	0	1000.20	
1874	6	25	8	0	0	1001.50	
1874	6	26	8	0	0	1000.20	
1874	6	27	8	0	0	1000.20	
1874	6	28	8	0	0	1001.50	
1874	6	29	8	0	0	1006.80	
1874	6	30	8	0	0	1004.20	
1874	7	1	8	0	0	1003.00	
1874	7	2	8	0	0	997.00	
1874	7	3	8	0	0	992.90	
1874	7	4	8	0	0	997.00	
1874	7	5	8	0	0	1011.50	
1874	7	6	8	0	0	1017.60	
1874	7	7	8	0	0	1014.20	
1874	7	8	8	0	0	1009.50	
1874	7	9	8	0	0	1010.20	
1874	7	10	8	0	0	1020.30	
1874	7	11	8	0	0	1020.70	
1874	7	12	8	0	0	1019.00	
1874	7	13	8	0	0	1017.90	
1874	7	14	8	0	0	1009.80	
1874	7	15	8	0	0	1017.90	
1874	7	16	8	0	0	1022.40	
1874	7	17	8	0	0	1017.90	
1874	7	18	8	0	0	1020.00	
1874	7	19	8	0	0	1015.60	
1874	7	20	8	0	0	985.10	
1874	7	21	8	0	0	1005.40	
1874	7	22	8	0	0	1004.10	
1874	7	23	8	0	0	1004.70	
1874	7	24	8	0	0	1009.50	
1874	7	25	8	0	0	1010.80	
1874	7	26	8	0	0	998.30	
1874	7	27	8	0	0	998.00	
1874	7	28	8	0	0	1002.40	
1874	7	29	8	0	0	1003.40	
1874	7	30	8	0	0	1004.40	
1874	7	31	8	0	0	1003.70	
1874	8	1	8	0	0	998.80	
1874	8	2	8	0	0	984.20	
1874	8	3	8	0	0	1000.20	
1874	8	4	8	0	0	1002.80	
1874	8	5	8	0	0	990.90	
1874	8	6	8	0	0	1000.20	
1874	8	7	8	0	0	986.90	
1874	8	8	8	0	0	989.50	
1874	8	9	8	0	0	996.20	
1874	8	10	8	0	0	989.50	
1874	8	11	8	0	0	993.50	
1874	8	12	8	0	0	992.20	
1874	8	13	8	0	0	993.50	
1874	8	14	8	0	0	994.80	
1874	8	15	8	0	0	996.20	
1874	8	16	8	0	0	998.80	
1874	8	17	8	0	0	1006.80	
1874	8	18	8	0	0	1006.80	
1874	8	19	8	0	0	1014.80	
1874	8	20	8	0	0	1025.40	
1874	8	21	8	0	0	1028.10	
1874	8	22	8	0	0	1025.40	
1874	8	23	8	0	0	1025.40	
1874	8	24	8	0	0	1020.10	
1874	8	25	8	0	0	1014.80	
1874	8	26	8	0	0	1009.50	
1874	8	27	8	0	0	994.80	
1874	8	28	8	0	0	997.50	
1874	8	29	8	0	0	993.50	
1874	8	30	8	0	0	996.20	
1874	8	31	8	0	0	988.20	
1874	9	1	8	0	0	981.50	
1874	9	2	8	0	0	986.90	
1874	9	3	8	0	0	989.50	
1874	9	4	8	0	0	992.20	
1874	9	5	8	0	0	1005.50	
1874	9	6	8	0	0	1009.50	
1874	9	7	8	0	0	1005.50	
1874	9	8	8	0	0	1001.50	
1874	9	9	8	0	0	985.50	
1874	9	10	8	0	0	978.90	
1874	9	11	8	0	0	985.50	
1874	9	12	8	0	0	998.80	
1874	9	13	8	0	0	1016.10	
1874	9	14	8	0	0	1006.80	
1874	9	15	8	0	0	994.80	
1874	9	16	8	0	0	1009.50	
1874	9	17	8	0	0	1002.80	
1874	9	18	8	0	0	997.50	
1874	9	19	8	0	0	993.50	
1874	9	20	8	0	0	998.80	
1874	9	21	8	0	0	1001.50	
1874	9	22	8	0	0	994.80	
1874	9	23	8	0	0	1001.50	
1874	9	24	8	0	0	1009.50	
1874	9	25	8	0	0	1006.80	
1874	9	26	8	0	0	1012.10	
1874	9	27	8	0	0	1004.20	
1874	9	28	8	0	0	990.90	
1874	9	29	8	0	0	985.50	
1874	9	30	8	0	0	986.90	
1874	10	1	8	0	0	990.90	
1874	10	2	8	0	0	969.60	
1874	10	3	8	0	0	965.60	
1874	10	4	8	0	0	982.90	
1874	10	5	8	0	0	997.50	
1874	10	6	8	0	0	978.90	
1874	10	7	8	0	0	974.90	
1874	10	8	8	0	0	1002.80	
1874	10	9	8	0	0	984.20	
1874	10	10	8	0	0	989.50	
1874	10	11	8	0	0	994.80	
1874	10	12	8	0	0	1004.20	
1874	10	13	8	0	0	1006.80	
1874	10	14	8	0	0	997.50	
1874	10	15	8	0	0	982.90	
1874	10	16	8	0	0	990.90	
1874	10	17	8	0	0	981.50	
1874	10	18	8	0	0	990.90	
1874	10	19	8	0	0	994.80	
1874	10	20	8	0	0	996.20	
1874	10	21	8	0	0	972.20	
1874	10	22	8	0	0	996.20	
1874	10	23	8	0	0	1006.80	
1874	10	24	8	0	0	997.50	
1874	10	25	8	0	0	984.20	
1874	10	26	8	0	0	1005.50	
1874	10	27	8	0	0	1026.80	
1874	10	28	8	0	0	1012.10	
1874	10	29	8	0	0	1018.80	
1874	10	30	8	0	0	1024.10	
1874	10	31	8	0	0	1024.10	
1874	11	1	8	0	0	1020.10	
1874	11	2	8	0	0	1013.50	
1874	11	3	8	0	0	997.50	
1874	11	4	8	0	0	1001.50	
1874	11	5	8	0	0	1002.80	
1874	11	6	8	0	0	1010.80	
1874	11	7	8	0	0	1014.80	
1874	11	8	8	0	0	1012.10	
1874	11	9	8	0	0	1010.80	
1874	11	10	8	0	0	1010.80	
1874	11	11	8	0	0	1016.10	
1874	11	12	8	0	0	1017.50	
1874	11	13	8	0	0	1013.50	
1874	11	14	8	0	0	1013.50	
1874	11	15	8	0	0	998.80	
1874	11	16	8	0	0	993.50	
1874	11	17	8	0	0	1000.20	
1874	11	18	8	0	0	996.20	
1874	11	19	8	0	0	989.50	
1874	11	20	8	0	0	1008.10	
1874	11	21	8	0	0	1013.50	
1874	11	22	8	0	0	1009.50	
1874	11	23	8	0	0	1010.80	
1874	11	24	8	0	0	1008.10	
1874	11	25	8	0	0	993.50	
1874	11	26	8	0	0	996.20	
1874	11	27	8	0	0	990.90	
1874	11	28	8	0	0	992.20	
1874	11	29	8	0	0	978.90	
1874	11	30	8	0	0	980.20	
1874	12	1	8	0	0	1003.70	
1874	12	2	8	0	0	1014.20	
1874	12	3	8	0	0	1006.80	
1874	12	4	8	0	0	994.90	
1874	12	5	8	0	0	988.80	
1874	12	6	8	0	0	986.10	
1874	12	7	8	0	0	994.20	
1874	12	8	8	0	0	997.60	
1874	12	9	8	0	0	995.90	
1874	12	10	8	0	0	1004.40	
1874	12	11	8	0	0	970.20	
1874	12	12	8	0	0	994.90	
1874	12	13	8	0	0	1009.10	
1874	12	14	8	0	0	1022.40	
1874	12	15	8	0	0	1014.90	
1874	12	16	8	0	0	1016.30	
1874	12	17	8	0	0	1028.10	
1874	12	18	8	0	0	1006.80	
1874	12	19	8	0	0	1013.50	
1874	12	20	8	0	0	1005.80	
1874	12	21	8	0	0	1001.40	
1874	12	22	8	0	0	1009.10	
1874	12	23	8	0	0	1010.50	
1874	12	24	8	0	0	998.30	
1874	12	25	8	0	0	1003.00	
1874	12	26	8	0	0	1011.50	
1874	12	27	8	0	0	1021.30	
1874	12	28	8	0	0	1023.40	
1874	12	29	8	0	0	1021.70	
1874	12	30	8	0	0	1030.10	
1874	12	31	8	0	0	1024.40	
1875	1	1	8	0	0	1004.20	
1875	1	2	8	0	0	980.20	
1875	1	3	8	0	0	972.20	
1875	1	4	8	0	0	996.20	
1875	1	5	8	0	0	997.50	
1875	1	6	8	0	0	994.80	
1875	1	7	8	0	0	1004.20	
1875	1	8	8	0	0	1004.20	
1875	1	9	8	0	0	1001.50	
1875	1	10	8	0	0	996.20	
1875	1	11	8	0	0	1002.80	
1875	1	12	8	0	0	1001.50	
1875	1	13	8	0	0	1004.20	
1875	1	14	8	0	0	998.80	
1875	1	15	8	0	0	996.20	
1875	1	16	8	0	0	984.20	
1875	1	17	8	0	0	992.20	
1875	1	18	8	0	0	997.50	
1875	1	19	8	0	0	978.90	
1875	1	20	8	0	0	980.20	
1875	1	21	8	0	0	990.90	
1875	1	22	8	0	0	1001.50	
1875	1	23	8	0	0	986.90	
1875	1	24	8	0	0	965.60	
1875	1	25	8	0	0	984.20	
1875	1	26	8	0	0	1006.80	
1875	1	27	8	0	0	997.50	
1875	1	28	8	0	0	993.50	
1875	1	29	8	0	0	1018.80	
1875	1	30	8	0	0	1022.80	
1875	1	31	8	0	0	1014.80	
1875	2	1	8	0	0	1006.80	
1875	2	2	8	0	0	1017.50	
1875	2	3	8	0	0	1012.10	
1875	2	4	8	0	0	1017.50	
1875	2	5	8	0	0	1021.40	
1875	2	6	8	0	0	1017.50	
1875	2	7	8	0	0	1012.10	
1875	2	8	8	0	0	1017.50	
1875	2	9	8	0	0	1013.50	
1875	2	10	8	0	0	1013.50	
1875	2	11	8	0	0	1001.50	
1875	2	12	8	0	0	1017.50	
1875	2	13	8	0	0	1000.20	
1875	2	14	8	0	0	998.80	
1875	2	15	8	0	0	1016.10	
1875	2	16	8	0	0	1028.10	
1875	2	17	8	0	0	1033.40	
1875	2	18	8	0	0	1028.10	
1875	2	19	8	0	0	1026.80	
1875	2	20	8	0	0	1032.10	
1875	2	21	8	0	0	1030.80	
1875	2	22	8	0	0	1028.10	
1875	2	23	8	0	0	1013.50	
1875	2	24	8	0	0	1012.10	
1875	2	25	8	0	0	1010.80	
1875	2	26	8	0	0	1010.80	
1875	2	27	8	0	0	1013.50	
1875	2	28	8	0	0	1017.50	
1875	3	1	8	0	0	1020.70	
1875	3	2	8	0	0	1024.70	
1875	3	3	8	0	0	1020.30	
1875	3	4	8	0	0	1019.60	
1875	3	5	8	0	0	1014.90	
1875	3	6	8	0	0	1001.70	
1875	3	7	8	0	0	991.20	
1875	3	8	8	0	0	1000.30	
1875	3	9	8	0	0	1006.10	
1875	3	10	8	0	0	1027.80	
1875	3	11	8	0	0	1024.00	
1875	3	12	8	0	0	1026.10	
1875	3	13	8	0	0	1023.40	
1875	3	14	8	0	0	1024.00	
1875	3	15	8	0	0	1024.40	
1875	3	16	8	0	0	1023.70	
1875	3	17	8	0	0	1037.90	
1875	3	18	8	0	0	1028.10	
1875	3	19	8	0	0	1024.40	
1875	3	20	8	0	0	1024.70	
1875	3	21	8	0	0	1020.00	
1875	3	22	8	0	0	1021.30	
1875	3	23	8	0	0	1025.40	
1875	3	24	8	0	0	1017.90	
1875	3	25	8	0	0	1009.10	
1875	3	26	8	0	0	1005.80	
1875	3	27	8	0	0	1004.70	
1875	3	28	8	0	0	1023.00	
1875	3	29	8	0	0	1025.70	
1875	3	30	8	0	0	1028.40	
1875	3	31	8	0	0	1032.80	
1875	4	1	8	0	0	1031.20	
1875	4	2	8	0	0	1020.00	
1875	4	3	8	0	0	995.30	
1875	4	4	8	0	0	997.00	
1875	4	5	8	0	0	988.10	
1875	4	6	8	0	0	981.00	
1875	4	7	8	0	0	991.50	
1875	4	8	8	0	0	1015.60	
1875	4	9	8	0	0	1028.10	
1875	4	10	8	0	0	1033.50	
1875	4	11	8	0	0	1030.50	
1875	4	12	8	0	0	1028.10	
1875	4	13	8	0	0	1026.10	
1875	4	14	8	0	0	1026.40	
1875	4	15	8	0	0	1027.10	
1875	4	16	8	0	0	1024.40	
1875	4	17	8	0	0	1020.30	
1875	4	18	8	0	0	1017.30	
1875	4	19	8	0	0	1017.60	
1875	4	20	8	0	0	1022.70	
1875	4	21	8	0	0	1018.60	
1875	4	22	8	0	0	1016.60	
1875	4	23	8	0	0	1015.60	
1875	4	24	8	0	0	1017.90	
1875	4	25	8	0	0	1022.40	
1875	4	26	8	0	0	1016.90	
1875	4	27	8	0	0	1008.80	
1875	4	28	8	0	0	1011.90	
1875	4	29	8	0	0	1012.90	
1875	4	30	8	0	0	1016.60	
1875	5	1	8	0	0	1009.50	
1875	5	2	8	0	0	1008.10	
1875	5	3	8	0	0	1004.20	
1875	5	4	8	0	0	1005.50	
1875	5	5	8	0	0	1012.10	
1875	5	6	8	0	0	1000.20	
1875	5	7	8	0	0	993.50	
1875	5	8	8	0	0	994.80	
1875	5	9	8	0	0	989.50	
1875	5	10	8	0	0	1006.80	
1875	5	11	8	0	0	1004.20	
1875	5	12	8	0	0	1009.50	
1875	5	13	8	0	0	1014.80	
1875	5	14	8	0	0	1014.80	
1875	5	15	8	0	0	1010.80	
1875	5	16	8	0	0	1017.50	
1875	5	17	8	0	0	1009.50	
1875	5	18	8	0	0	993.50	
1875	5	19	8	0	0	988.20	
1875	5	20	8	0	0	986.90	
1875	5	21	8	0	0	989.50	
1875	5	22	8	0	0	985.50	
1875	5	23	8	0	0	996.20	
1875	5	24	8	0	0	1006.80	
1875	5	25	8	0	0	1013.50	
1875	5	26	8	0	0	1021.40	
1875	5	27	8	0	0	1017.50	
1875	5	28	8	0	0	1012.10	
1875	5	29	8	0	0	1014.80	
1875	5	30	8	0	0	1006.80	
1875	5	31	8	0	0	1006.80	
1875	6	1	8	0	0	1021.40	
1875	6	2	8	0	0	1025.40	
1875	6	3	8	0	0	1018.80	
1875	6	4	8	0	0	1008.10	
1875	6	5	8	0	0	1006.80	
1875	6	6	8	0	0	1002.80	
1875	6	7	8	0	0	1005.50	
1875	6	8	8	0	0	1014.80	
1875	6	9	8	0	0	1009.50	
1875	6	10	8	0	0	988.20	
1875	6	11	8	0	0	990.90	
1875	6	12	8	0	0	994.80	
1875	6	13	8	0	0	996.20	
1875	6	14	8	0	0	988.20	
1875	6	15	8	0	0	978.90	
1875	6	16	8	0	0	989.50	
1875	6	17	8	0	0	1006.80	
1875	6	18	8	0	0	1013.50	
1875	6	19	8	0	0	1006.80	
1875	6	20	8	0	0	1002.80	
1875	6	21	8	0	0	1001.50	
1875	6	22	8	0	0	1006.80	
1875	6	23	8	0	0	1009.50	
1875	6	24	8	0	0	1013.50	
1875	6	25	8	0	0	1006.80	
1875	6	26	8	0	0	1002.80	
1875	6	27	8	0	0	1006.80	
1875	6	28	8	0	0	1012.10	
1875	6	29	8	0	0	1016.10	
1875	6	30	8	0	0	1014.80	
1875	7	1	8	0	0	1002.80	
1875	7	2	8	0	0	1002.80	
1875	7	3	8	0	0	1020.10	
1875	7	4	8	0	0	1024.10	
1875	7	5	8	0	0	1025.40	
1875	7	6	8	0	0	1026.80	
1875	7	7	8	0	0	1024.10	
1875	7	8	8	0	0	1016.10	
1875	7	9	8	0	0	1000.20	
1875	7	10	8	0	0	996.20	
1875	7	11	8	0	0	998.80	
1875	7	12	8	0	0	1012.10	
1875	7	13	8	0	0	1014.80	
1875	7	14	8	0	0	1013.50	
1875	7	15	8	0	0	1017.50	
1875	7	16	8	0	0	1016.10	
1875	7	17	8	0	0	1014.80	
1875	7	18	8	0	0	1016.10	
1875	7	19	8	0	0	1014.80	
1875	7	20	8	0	0	1018.80	
1875	7	21	8	0	0	1016.10	
1875	7	22	8	0	0	1008.10	
1875	7	23	8	0	0	1014.80	
1875	7	24	8	0	0	1001.50	
1875	7	25	8	0	0	1001.50	
1875	7	26	8	0	0	1014.80	
1875	7	27	8	0	0	1022.80	
1875	7	28	8	0	0	1022.80	
1875	7	29	8	0	0	1018.80	
1875	7	30	8	0	0	1020.10	
1875	7	31	8	0	0	1022.80	
1875	8	1	8	0	0	1018.80	
1875	8	2	8	0	0	1014.80	
1875	8	3	8	0	0	1018.80	
1875	8	4	8	0	0	1018.80	
1875	8	5	8	0	0	1018.80	
1875	8	6	8	0	0	1018.80	
1875	8	7	8	0	0	1018.80	
1875	8	8	8	0	0	1016.10	
1875	8	9	8	0	0	1009.50	
1875	8	10	8	0	0	1000.20	
1875	8	11	8	0	0	1000.20	
1875	8	12	8	0	0	1005.50	
1875	8	13	8	0	0	1004.20	
1875	8	14	8	0	0	1004.20	
1875	8	15	8	0	0	1008.10	
1875	8	16	8	0	0	1000.20	
1875	8	17	8	0	0	998.80	
1875	8	18	8	0	0	1004.20	
1875	8	19	8	0	0	1012.10	
1875	8	20	8	0	0	1010.80	
1875	8	21	8	0	0	1012.10	
1875	8	22	8	0	0	1010.80	
1875	8	23	8	0	0	1001.50	
1875	8	24	8	0	0	998.80	
1875	8	25	8	0	0	990.90	
1875	8	26	8	0	0	989.50	
1875	8	27	8	0	0	1000.20	
1875	8	28	8	0	0	1009.50	
1875	8	29	8	0	0	1004.20	
1875	8	30	8	0	0	1001.50	
1875	8	31	8	0	0	1009.50	
1875	9	1	8	0	0	1018.80	
1875	9	2	8	0	0	1008.10	
1875	9	3	8	0	0	1001.50	
1875	9	4	8	0	0	1004.20	
1875	9	5	8	0	0	1017.50	
1875	9	6	8	0	0	1016.10	
1875	9	7	8	0	0	1010.80	
1875	9	8	8	0	0	1008.10	
1875	9	9	8	0	0	1005.50	
1875	9	10	8	0	0	1010.80	
1875	9	11	8	0	0	1016.10	
1875	9	12	8	0	0	1024.10	
1875	9	13	8	0	0	1025.40	
1875	9	14	8	0	0	1028.10	
1875	9	15	8	0	0	1026.80	
1875	9	16	8	0	0	1025.40	
1875	9	17	8	0	0	1021.40	
1875	9	18	8	0	0	1022.80	
1875	9	19	8	0	0	1008.10	
1875	9	20	8	0	0	1014.80	
1875	9	21	8	0	0	1012.10	
1875	9	22	8	0	0	1013.50	
1875	9	23	8	0	0	1021.40	
1875	9	24	8	0	0	1012.10	
1875	9	25	8	0	0	986.90	
1875	9	26	8	0	0	993.50	
1875	9	27	8	0	0	988.20	
1875	9	28	8	0	0	992.20	
1875	9	29	8	0	0	998.80	
1875	9	30	8	0	0	1009.50	
1875	10	1	8	0	0	1000.20	
1875	10	2	8	0	0	992.20	
1875	10	3	8	0	0	994.80	
1875	10	4	8	0	0	993.50	
1875	10	5	8	0	0	989.50	
1875	10	6	8	0	0	1009.50	
1875	10	7	8	0	0	1012.10	
1875	10	8	8	0	0	998.80	
1875	10	9	8	0	0	1002.80	
1875	10	10	8	0	0	1000.20	
1875	10	11	8	0	0	982.90	
1875	10	12	8	0	0	990.90	
1875	10	13	8	0	0	990.90	
1875	10	14	8	0	0	1000.20	
1875	10	15	8	0	0	1009.50	
1875	10	16	8	0	0	1006.80	
1875	10	17	8	0	0	1006.80	
1875	10	18	8	0	0	1012.10	
1875	10	19	8	0	0	1010.80	
1875	10	20	8	0	0	1005.50	
1875	10	21	8	0	0	997.50	
1875	10	22	8	0	0	997.50	
1875	10	23	8	0	0	1002.80	
1875	10	24	8	0	0	1013.50	
1875	10	25	8	0	0	1016.10	
1875	10	26	8	0	0	1009.50	
1875	10	27	8	0	0	1009.50	
1875	10	28	8	0	0	1017.50	
1875	10	29	8	0	0	1020.10	
1875	10	30	8	0	0	1013.50	
1875	10	31	8	0	0	1012.10	
1875	11	1	8	0	0	1009.50	
1875	11	2	8	0	0	1000.20	
1875	11	3	8	0	0	998.80	
1875	11	4	8	0	0	996.20	
1875	11	5	8	0	0	990.90	
1875	11	6	8	0	0	982.90	
1875	11	7	8	0	0	990.90	
1875	11	8	8	0	0	990.90	
1875	11	9	8	0	0	986.90	
1875	11	10	8	0	0	981.50	
1875	11	11	8	0	0	981.50	
1875	11	12	8	0	0	1005.50	
1875	11	13	8	0	0	1006.80	
1875	11	14	8	0	0	1000.20	
1875	11	15	8	0	0	1012.10	
1875	11	16	8	0	0	1001.50	
1875	11	17	8	0	0	994.80	
1875	11	18	8	0	0	1004.20	
1875	11	19	8	0	0	1004.20	
1875	11	20	8	0	0	1025.40	
1875	11	21	8	0	0	1025.40	
1875	11	22	8	0	0	1028.10	
1875	11	23	8	0	0	1028.10	
1875	11	24	8	0	0	1028.10	
1875	11	25	8	0	0	1025.40	
1875	11	26	8	0	0	1020.10	
1875	11	27	8	0	0	1025.40	
1875	11	28	8	0	0	1028.10	
1875	11	29	8	0	0	1025.40	
1875	11	30	8	0	0	1025.40	
1875	12	1	8	0	0	1024.40	
1875	12	2	8	0	0	1017.90	
1875	12	3	8	0	0	1015.90	
1875	12	4	8	0	0	1016.60	
1875	12	5	8	0	0	1022.00	
1875	12	6	8	0	0	1033.20	
1875	12	7	8	0	0	1035.60	
1875	12	8	8	0	0	1032.20	
1875	12	9	8	0	0	1030.10	
1875	12	10	8	0	0	1023.00	
1875	12	11	8	0	0	1017.30	
1875	12	12	8	0	0	1015.20	
1875	12	13	8	0	0	1012.20	
1875	12	14	8	0	0	1011.90	
1875	12	15	8	0	0	1012.20	
1875	12	16	8	0	0	1010.20	
1875	12	17	8	0	0	1004.70	
1875	12	18	8	0	0	993.20	
1875	12	19	8	0	0	994.20	
1875	12	20	8	0	0	982.10	
1875	12	21	8	0	0	990.20	
1875	12	22	8	0	0	979.70	
1875	12	23	8	0	0	987.50	
1875	12	24	8	0	0	987.10	
1875	12	25	8	0	0	1010.80	
1875	12	26	8	0	0	1017.60	
1875	12	27	8	0	0	998.60	
1875	12	28	8	0	0	1020.70	
1875	12	29	8	0	0	1014.60	
1875	12	30	8	0	0	1011.20	
1875	12	31	8	0	0	993.60	
1876	1	1	8	0	0	997.50	
1876	1	2	8	0	0	1009.50	
1876	1	3	8	0	0	1004.20	
1876	1	4	8	0	0	1010.80	
1876	1	5	8	0	0	1014.80	
1876	1	6	8	0	0	1024.10	
1876	1	7	8	0	0	1030.80	
1876	1	8	8	0	0	1022.80	
1876	1	9	8	0	0	1021.40	
1876	1	10	8	0	0	1029.40	
1876	1	11	8	0	0	1020.10	
1876	1	12	8	0	0	1012.10	
1876	1	13	8	0	0	1028.10	
1876	1	14	8	0	0	1029.40	
1876	1	15	8	0	0	1024.10	
1876	1	16	8	0	0	1016.10	
1876	1	17	8	0	0	1014.80	
1876	1	18	8	0	0	1005.50	
1876	1	19	8	0	0	996.20	
1876	1	20	8	0	0	989.50	
1876	1	21	8	0	0	1009.50	
1876	1	22	8	0	0	1012.10	
1876	1	23	8	0	0	1004.20	
1876	1	24	8	0	0	1005.50	
1876	1	25	8	0	0	1012.10	
1876	1	26	8	0	0	1006.80	
1876	1	27	8	0	0	1010.80	
1876	1	28	8	0	0	1014.80	
1876	1	29	8	0	0	1010.80	
1876	1	30	8	0	0	1009.50	
1876	1	31	8	0	0	1008.10	
1876	2	1	8	0	0	998.80	
1876	2	2	8	0	0	1004.20	
1876	2	3	8	0	0	997.50	
1876	2	4	8	0	0	1014.80	
1876	2	5	8	0	0	1021.40	
1876	2	6	8	0	0	1018.80	
1876	2	7	8	0	0	1021.40	
1876	2	8	8	0	0	1018.80	
1876	2	9	8	0	0	1012.10	
1876	2	10	8	0	0	1013.50	
1876	2	11	8	0	0	1010.80	
1876	2	12	8	0	0	1008.10	
1876	2	13	8	0	0	1006.80	
1876	2	14	8	0	0	1004.20	
1876	2	15	8	0	0	981.50	
1876	2	16	8	0	0	981.50	
1876	2	17	8	0	0	990.90	
1876	2	18	8	0	0	985.50	
1876	2	19	8	0	0	976.20	
1876	2	20	8	0	0	1001.50	
1876	2	21	8	0	0	993.50	
1876	2	22	8	0	0	988.20	
1876	2	23	8	0	0	996.20	
1876	2	24	8	0	0	1009.50	
1876	2	25	8	0	0	1005.50	
1876	2	26	8	0	0	988.20	
1876	2	27	8	0	0	986.90	
1876	2	28	8	0	0	998.80	
1876	2	29	8	0	0	990.90	
1876	3	1	8	0	0	984.40	
1876	3	2	8	0	0	987.80	
1876	3	3	8	0	0	979.30	
1876	3	4	8	0	0	971.20	
1876	3	5	8	0	0	995.60	
1876	3	6	8	0	0	981.40	
1876	3	7	8	0	0	986.10	
1876	3	8	8	0	0	985.80	
1876	3	9	8	0	0	955.00	
1876	3	10	8	0	0	962.10	
1876	3	11	8	0	0	977.00	
1876	3	12	8	0	0	987.50	
1876	3	13	8	0	0	989.20	
1876	3	14	8	0	0	974.60	
1876	3	15	8	0	0	968.50	
1876	3	16	8	0	0	989.20	
1876	3	17	8	0	0	1001.70	
1876	3	18	8	0	0	1017.90	
1876	3	19	8	0	0	1025.10	
1876	3	20	8	0	0	1021.30	
1876	3	21	8	0	0	1014.20	
1876	3	22	8	0	0	1022.00	
1876	3	23	8	0	0	1007.10	
1876	3	24	8	0	0	989.20	
1876	3	25	8	0	0	1012.20	
1876	3	26	8	0	0	1002.00	
1876	3	27	8	0	0	995.90	
1876	3	28	8	0	0	998.00	
1876	3	29	8	0	0	994.60	
1876	3	30	8	0	0	996.30	
1876	3	31	8	0	0	999.00	
1876	4	1	8	0	0	1000.00	
1876	4	2	8	0	0	1008.10	
1876	4	3	8	0	0	1007.80	
1876	4	4	8	0	0	1017.30	
1876	4	5	8	0	0	1018.30	
1876	4	6	8	0	0	1027.40	
1876	4	7	8	0	0	1023.70	
1876	4	8	8	0	0	1012.20	
1876	4	9	8	0	0	1000.70	
1876	4	10	8	0	0	997.30	
1876	4	11	8	0	0	1000.70	
1876	4	12	8	0	0	1010.50	
1876	4	13	8	0	0	1011.90	
1876	4	14	8	0	0	1024.00	
1876	4	15	8	0	0	1017.90	
1876	4	16	8	0	0	1011.50	
1876	4	17	8	0	0	1009.50	
1876	4	18	8	0	0	993.60	
1876	4	19	8	0	0	984.10	
1876	4	20	8	0	0	984.10	
1876	4	21	8	0	0	995.90	
1876	4	22	8	0	0	1015.20	
1876	4	23	8	0	0	1015.20	
1876	4	24	8	0	0	1013.90	
1876	4	25	8	0	0	1006.10	
1876	4	26	8	0	0	1012.20	
1876	4	27	8	0	0	1010.20	
1876	4	28	8	0	0	1001.40	
1876	4	29	8	0	0	1009.80	
1876	4	30	8	0	0	1015.20	
1876	5	1	8	0	0	1021.30	
1876	5	2	8	0	0	1023.40	
1876	5	3	8	0	0	1023.70	
1876	5	4	8	0	0	1023.70	
1876	5	5	8	0	0	1022.00	
1876	5	6	8	0	0	1024.40	
1876	5	7	8	0	0	1027.80	
1876	5	8	8	0	0	1030.50	
1876	5	9	8	0	0	1031.80	
1876	5	10	8	0	0	1030.50	
1876	5	11	8	0	0	1027.40	
1876	5	12	8	0	0	1025.70	
1876	5	13	8	0	0	1026.40	
1876	5	14	8	0	0	1025.70	
1876	5	15	8	0	0	1025.70	
1876	5	16	8	0	0	1028.80	
1876	5	17	8	0	0	1028.80	
1876	5	18	8	0	0	1028.40	
1876	5	19	8	0	0	1027.80	
1876	5	20	8	0	0	1025.10	
1876	5	21	8	0	0	1015.20	
1876	5	22	8	0	0	1002.70	
1876	5	23	8	0	0	1001.70	
1876	5	24	8	0	0	1015.20	
1876	5	25	8	0	0	1013.20	
1876	5	26	8	0	0	1007.10	
1876	5	27	8	0	0	1011.50	
1876	5	28	8	0	0	1015.20	
1876	5	29	8	0	0	1011.20	
1876	5	30	8	0	0	1004.70	
1876	5	31	8	0	0	1015.20	
1876	6	1	8	0	0	1015.90	
1876	6	2	8	0	0	1013.50	
1876	6	3	8	0	0	998.30	
1876	6	4	8	0	0	994.90	
1876	6	5	8	0	0	992.20	
1876	6	6	8	0	0	1003.40	
1876	6	7	8	0	0	1002.70	
1876	6	8	8	0	0	1005.10	
1876	6	9	8	0	0	1015.90	
1876	6	10	8	0	0	1023.00	
1876	6	11	8	0	0	1012.20	
1876	6	12	8	0	0	1014.90	
1876	6	13	8	0	0	1009.10	
1876	6	14	8	0	0	1007.80	
1876	6	15	8	0	0	996.30	
1876	6	16	8	0	0	1001.40	
1876	6	17	8	0	0	1000.70	
1876	6	18	8	0	0	1004.40	
1876	6	19	8	0	0	1004.70	
1876	6	20	8	0	0	1011.90	
1876	6	21	8	0	0	1014.20	
1876	6	22	8	0	0	1015.90	
1876	6	23	8	0	0	1019.00	
1876	6	24	8	0	0	1021.00	
1876	6	25	8	0	0	1024.40	
1876	6	26	8	0	0	1023.70	
1876	6	27	8	0	0	1022.40	
1876	6	28	8	0	0	1020.00	
1876	6	29	8	0	0	1016.90	
1876	6	30	8	0	0	1009.50	
1876	7	1	8	0	0	997.50	
1876	7	2	8	0	0	1004.20	
1876	7	3	8	0	0	1012.10	
1876	7	4	8	0	0	1005.50	
1876	7	5	8	0	0	994.80	
1876	7	6	8	0	0	1002.80	
1876	7	7	8	0	0	1004.20	
1876	7	8	8	0	0	1000.20	
1876	7	9	8	0	0	997.50	
1876	7	10	8	0	0	997.50	
1876	7	11	8	0	0	1018.80	
1876	7	12	8	0	0	1017.50	
1876	7	13	8	0	0	1022.80	
1876	7	14	8	0	0	1022.80	
1876	7	15	8	0	0	1028.10	
1876	7	16	8	0	0	1018.80	
1876	7	17	8	0	0	1024.10	
1876	7	18	8	0	0	1014.80	
1876	7	19	8	0	0	1017.50	
1876	7	20	8	0	0	1020.10	
1876	7	21	8	0	0	1018.80	
1876	7	22	8	0	0	1013.50	
1876	7	23	8	0	0	1017.50	
1876	7	24	8	0	0	1016.10	
1876	7	25	8	0	0	1026.80	
1876	7	26	8	0	0	1005.50	
1876	7	27	8	0	0	1010.80	
1876	7	28	8	0	0	990.90	
1876	7	29	8	0	0	996.20	
1876	7	30	8	0	0	993.50	
1876	7	31	8	0	0	997.50	
1876	8	1	8	0	0	998.80	
1876	8	2	8	0	0	1006.80	
1876	8	3	8	0	0	981.50	
1876	8	4	8	0	0	994.80	
1876	8	5	8	0	0	1010.80	
1876	8	6	8	0	0	1009.50	
1876	8	7	8	0	0	1006.80	
1876	8	8	8	0	0	1010.80	
1876	8	9	8	0	0	1002.80	
1876	8	10	8	0	0	1016.10	
1876	8	11	8	0	0	1014.80	
1876	8	12	8	0	0	1018.80	
1876	8	13	8	0	0	1014.80	
1876	8	14	8	0	0	1012.10	
1876	8	15	8	0	0	1012.10	
1876	8	16	8	0	0	1014.80	
1876	8	17	8	0	0	1016.10	
1876	8	18	8	0	0	1016.10	
1876	8	19	8	0	0	1016.10	
1876	8	20	8	0	0	1014.80	
1876	8	21	8	0	0	1010.80	
1876	8	22	8	0	0	1008.10	
1876	8	23	8	0	0	1008.10	
1876	8	24	8	0	0	1009.50	
1876	8	25	8	0	0	1013.50	
1876	8	26	8	0	0	1001.50	
1876	8	27	8	0	0	1004.20	
1876	8	28	8	0	0	1002.80	
1876	8	29	8	0	0	997.50	
1876	8	30	8	0	0	994.80	
1876	8	31	8	0	0	992.20	
1876	9	1	8	0	0	998.80	
1876	9	2	8	0	0	1006.80	
1876	9	3	8	0	0	1005.50	
1876	9	4	8	0	0	996.20	
1876	9	5	8	0	0	981.50	
1876	9	6	8	0	0	984.20	
1876	9	7	8	0	0	992.20	
1876	9	8	8	0	0	992.20	
1876	9	9	8	0	0	1001.50	
1876	9	10	8	0	0	1009.50	
1876	9	11	8	0	0	1005.50	
1876	9	12	8	0	0	1009.50	
1876	9	13	8	0	0	1009.50	
1876	9	14	8	0	0	1006.80	
1876	9	15	8	0	0	1002.80	
1876	9	16	8	0	0	1000.20	
1876	9	17	8	0	0	997.50	
1876	9	18	8	0	0	1002.80	
1876	9	19	8	0	0	1016.10	
1876	9	20	8	0	0	1021.40	
1876	9	21	8	0	0	1014.80	
1876	9	22	8	0	0	1006.80	
1876	9	23	8	0	0	1001.50	
1876	9	24	8	0	0	1001.50	
1876	9	25	8	0	0	1002.80	
1876	9	26	8	0	0	1004.20	
1876	9	27	8	0	0	1004.20	
1876	9	28	8	0	0	1000.20	
1876	9	29	8	0	0	1002.80	
1876	9	30	8	0	0	1006.80	
1876	10	1	8	0	0	1014.80	
1876	10	2	8	0	0	1021.40	
1876	10	3	8	0	0	1009.50	
1876	10	4	8	0	0	998.80	
1876	10	5	8	0	0	1014.80	
1876	10	6	8	0	0	1000.20	
1876	10	7	8	0	0	997.50	
1876	10	8	8	0	0	1004.20	
1876	10	9	8	0	0	993.50	
1876	10	10	8	0	0	980.20	
1876	10	11	8	0	0	976.20	
1876	10	12	8	0	0	985.50	
1876	10	13	8	0	0	997.50	
1876	10	14	8	0	0	992.20	
1876	10	15	8	0	0	993.50	
1876	10	16	8	0	0	992.20	
1876	10	17	8	0	0	994.80	
1876	10	18	8	0	0	1004.20	
1876	10	19	8	0	0	1010.80	
1876	10	20	8	0	0	1022.80	
1876	10	21	8	0	0	1024.10	
1876	10	22	8	0	0	1025.40	
1876	10	23	8	0	0	1024.10	
1876	10	24	8	0	0	1017.50	
1876	10	25	8	0	0	1016.10	
1876	10	26	8	0	0	1017.50	
1876	10	27	8	0	0	1017.50	
1876	10	28	8	0	0	1017.50	
1876	10	29	8	0	0	1013.50	
1876	10	30	8	0	0	1020.10	
1876	10	31	8	0	0	1021.40	
1876	11	1	8	0	0	1024.10	
1876	11	2	8	0	0	1018.80	
1876	11	3	8	0	0	1010.80	
1876	11	4	8	0	0	1022.80	
1876	11	5	8	0	0	1021.40	
1876	11	6	8	0	0	1026.80	
1876	11	7	8	0	0	1026.80	
1876	11	8	8	0	0	1024.10	
1876	11	9	8	0	0	1022.80	
1876	11	10	8	0	0	1020.10	
1876	11	11	8	0	0	1008.10	
1876	11	12	8	0	0	1001.50	
1876	11	13	8	0	0	1005.50	
1876	11	14	8	0	0	1001.50	
1876	11	15	8	0	0	984.20	
1876	11	16	8	0	0	998.80	
1876	11	17	8	0	0	993.50	
1876	11	18	8	0	0	1004.20	
1876	11	19	8	0	0	994.80	
1876	11	20	8	0	0	1005.50	
1876	11	21	8	0	0	1016.10	
1876	11	22	8	0	0	1012.10	
1876	11	23	8	0	0	1006.80	
1876	11	24	8	0	0	1005.50	
1876	11	25	8	0	0	1001.50	
1876	11	26	8	0	0	992.20	
1876	11	27	8	0	0	992.20	
1876	11	28	8	0	0	993.50	
1876	11	29	8	0	0	992.20	
1876	11	30	8	0	0	998.80	
1876	12	1	8	0	0	994.80	
1876	12	2	8	0	0	996.20	
1876	12	3	8	0	0	985.50	
1876	12	4	8	0	0	964.20	
1876	12	5	8	0	0	964.20	
1876	12	6	8	0	0	965.60	
1876	12	7	8	0	0	977.60	
1876	12	8	8	0	0	996.20	
1876	12	9	8	0	0	1008.10	
1876	12	10	8	0	0	1009.50	
1876	12	11	8	0	0	1004.20	
1876	12	12	8	0	0	990.90	
1876	12	13	8	0	0	994.80	
1876	12	14	8	0	0	1000.20	
1876	12	15	8	0	0	1004.20	
1876	12	16	8	0	0	1004.20	
1876	12	17	8	0	0	1002.80	
1876	12	18	8	0	0	997.50	
1876	12	19	8	0	0	990.90	
1876	12	20	8	0	0	988.20	
1876	12	21	8	0	0	993.50	
1876	12	22	8	0	0	984.20	
1876	12	23	8	0	0	986.90	
1876	12	24	8	0	0	998.80	
1876	12	25	8	0	0	1013.50	
1876	12	26	8	0	0	1014.80	
1876	12	27	8	0	0	993.50	
1876	12	28	8	0	0	984.20	
1876	12	29	8	0	0	997.50	
1876	12	30	8	0	0	989.50	
1876	12	31	8	0	0	972.20	
1877	1	1	8	0	0	984.20	
1877	1	2	8	0	0	1000.20	
1877	1	3	8	0	0	1005.50	
1877	1	4	8	0	0	993.50	
1877	1	5	8	0	0	981.50	
1877	1	6	8	0	0	978.90	
1877	1	7	8	0	0	966.90	
1877	1	8	8	0	0	977.60	
1877	1	9	8	0	0	1002.80	
1877	1	10	8	0	0	1018.80	
1877	1	11	8	0	0	1009.50	
1877	1	12	8	0	0	1001.50	
1877	1	13	8	0	0	1004.20	
1877	1	14	8	0	0	993.50	
1877	1	15	8	0	0	1002.80	
1877	1	16	8	0	0	996.20	
1877	1	17	8	0	0	997.50	
1877	1	18	8	0	0	984.20	
1877	1	19	8	0	0	992.20	
1877	1	20	8	0	0	1009.50	
1877	1	21	8	0	0	1014.80	
1877	1	22	8	0	0	1024.10	
1877	1	23	8	0	0	1008.10	
1877	1	24	8	0	0	997.50	
1877	1	25	8	0	0	980.20	
1877	1	26	8	0	0	1008.10	
1877	1	27	8	0	0	997.50	
1877	1	28	8	0	0	982.90	
1877	1	29	8	0	0	989.50	
1877	1	30	8	0	0	985.50	
1877	1	31	8	0	0	1006.80	
1877	2	1	8	0	0	996.20	
1877	2	2	8	0	0	1001.50	
1877	2	3	8	0	0	989.50	
1877	2	4	8	0	0	1002.80	
1877	2	5	8	0	0	1002.80	
1877	2	6	8	0	0	1004.20	
1877	2	7	8	0	0	1004.20	
1877	2	8	8	0	0	1006.80	
1877	2	9	8	0	0	1006.80	
1877	2	10	8	0	0	1004.20	
1877	2	11	8	0	0	993.50	
1877	2	12	8	0	0	989.50	
1877	2	13	8	0	0	993.50	
1877	2	14	8	0	0	997.50	
1877	2	15	8	0	0	992.20	
1877	2	16	8	0	0	992.20	
1877	2	17	8	0	0	1010.80	
1877	2	18	8	0	0	1006.80	
1877	2	19	8	0	0	997.50	
1877	2	20	8	0	0	990.90	
1877	2	21	8	0	0	1013.50	
1877	2	22	8	0	0	1008.10	
1877	2	23	8	0	0	1014.80	
1877	2	24	8	0	0	993.50	
1877	2	25	8	0	0	982.90	
1877	2	26	8	0	0	997.50	
1877	2	27	8	0	0	1008.10	
1877	2	28	8	0	0	1021.40	
1877	3	1	8	0	0	1005.50	
1877	3	2	8	0	0	1008.10	
1877	3	3	8	0	0	1013.50	
1877	3	4	8	0	0	1009.50	
1877	3	5	8	0	0	1010.80	
1877	3	6	8	0	0	1008.10	
1877	3	7	8	0	0	1009.50	
1877	3	8	8	0	0	1017.50	
1877	3	9	8	0	0	1008.10	
1877	3	10	8	0	0	1005.50	
1877	3	11	8	0	0	1010.80	
1877	3	12	8	0	0	989.50	
1877	3	13	8	0	0	996.20	
1877	3	14	8	0	0	996.20	
1877	3	15	8	0	0	996.20	
1877	3	16	8	0	0	986.90	
1877	3	17	8	0	0	990.90	
1877	3	18	8	0	0	998.80	
1877	3	19	8	0	0	1000.20	
1877	3	20	8	0	0	993.50	
1877	3	21	8	0	0	996.20	
1877	3	22	8	0	0	1000.20	
1877	3	23	8	0	0	997.50	
1877	3	24	8	0	0	986.90	
1877	3	25	8	0	0	996.20	
1877	3	26	8	0	0	1000.20	
1877	3	27	8	0	0	993.50	
1877	3	28	8	0	0	973.60	
1877	3	29	8	0	0	1009.50	
1877	3	30	8	0	0	1005.50	
1877	3	31	8	0	0	1001.50	
1877	4	1	8	0	0	1011.50	
1877	4	2	8	0	0	1007.50	
1877	4	3	8	0	0	989.50	
1877	4	4	8	0	0	978.30	
1877	4	5	8	0	0	982.70	
1877	4	6	8	0	0	997.00	
1877	4	7	8	0	0	999.70	
1877	4	8	8	0	0	1005.10	
1877	4	9	8	0	0	1008.50	
1877	4	10	8	0	0	1009.10	
1877	4	11	8	0	0	1010.80	
1877	4	12	8	0	0	1018.30	
1877	4	13	8	0	0	1016.90	
1877	4	14	8	0	0	1017.30	
1877	4	15	8	0	0	1006.40	
1877	4	16	8	0	0	1004.40	
1877	4	17	8	0	0	1015.90	
1877	4	18	8	0	0	1016.90	
1877	4	19	8	0	0	1020.00	
1877	4	20	8	0	0	1016.30	
1877	4	21	8	0	0	1007.80	
1877	4	22	8	0	0	1000.00	
1877	4	23	8	0	0	1003.70	
1877	4	24	8	0	0	1007.10	
1877	4	25	8	0	0	1010.50	
1877	4	26	8	0	0	1019.30	
1877	4	27	8	0	0	1019.60	
1877	4	28	8	0	0	1017.60	
1877	4	29	8	0	0	1019.30	
1877	4	30	8	0	0	1025.70	
1877	5	1	8	0	0	1029.40	
1877	5	2	8	0	0	1029.40	
1877	5	3	8	0	0	1022.80	
1877	5	4	8	0	0	1018.80	
1877	5	5	8	0	0	1012.10	
1877	5	6	8	0	0	998.80	
1877	5	7	8	0	0	1004.20	
1877	5	8	8	0	0	1008.10	
1877	5	9	8	0	0	1005.50	
1877	5	10	8	0	0	1008.10	
1877	5	11	8	0	0	1010.80	
1877	5	12	8	0	0	1008.10	
1877	5	13	8	0	0	1006.80	
1877	5	14	8	0	0	1002.80	
1877	5	15	8	0	0	1004.20	
1877	5	16	8	0	0	1006.80	
1877	5	17	8	0	0	1002.80	
1877	5	18	8	0	0	1000.20	
1877	5	19	8	0	0	1016.10	
1877	5	20	8	0	0	1026.80	
1877	5	21	8	0	0	1030.80	
1877	5	22	8	0	0	1030.80	
1877	5	23	8	0	0	1028.10	
1877	5	24	8	0	0	1022.80	
1877	5	25	8	0	0	1018.80	
1877	5	26	8	0	0	1013.50	
1877	5	27	8	0	0	989.50	
1877	5	28	8	0	0	972.20	
1877	5	29	8	0	0	973.60	
1877	5	30	8	0	0	984.20	
1877	5	31	8	0	0	998.80	
1877	6	1	8	0	0	990.90	
1877	6	2	8	0	0	984.20	
1877	6	3	8	0	0	988.20	
1877	6	4	8	0	0	996.20	
1877	6	5	8	0	0	989.50	
1877	6	6	8	0	0	1000.20	
1877	6	7	8	0	0	997.50	
1877	6	8	8	0	0	1006.80	
1877	6	9	8	0	0	998.80	
1877	6	10	8	0	0	1002.80	
1877	6	11	8	0	0	1008.10	
1877	6	12	8	0	0	1013.50	
1877	6	13	8	0	0	1013.50	
1877	6	14	8	0	0	1018.80	
1877	6	15	8	0	0	1020.10	
1877	6	16	8	0	0	1020.10	
1877	6	17	8	0	0	1020.10	
1877	6	18	8	0	0	1020.10	
1877	6	19	8	0	0	1018.80	
1877	6	20	8	0	0	1016.10	
1877	6	21	8	0	0	1010.80	
1877	6	22	8	0	0	1000.20	
1877	6	23	8	0	0	1006.80	
1877	6	24	8	0	0	1012.10	
1877	6	25	8	0	0	1010.80	
1877	6	26	8	0	0	1006.80	
1877	6	27	8	0	0	1013.50	
1877	6	28	8	0	0	1016.10	
1877	6	29	8	0	0	1008.10	
1877	6	30	8	0	0	1010.80	
1877	7	1	8	0	0	1006.80	
1877	7	2	8	0	0	1002.80	
1877	7	3	8	0	0	1001.50	
1877	7	4	8	0	0	1006.80	
1877	7	5	8	0	0	1008.10	
1877	7	6	8	0	0	1012.10	
1877	7	7	8	0	0	1021.40	
1877	7	8	8	0	0	1016.10	
1877	7	9	8	0	0	1012.10	
1877	7	10	8	0	0	1001.50	
1877	7	11	8	0	0	1004.20	
1877	7	12	8	0	0	1006.80	
1877	7	13	8	0	0	1000.20	
1877	7	14	8	0	0	994.80	
1877	7	15	8	0	0	993.50	
1877	7	16	8	0	0	992.20	
1877	7	17	8	0	0	994.80	
1877	7	18	8	0	0	1005.50	
1877	7	19	8	0	0	1002.80	
1877	7	20	8	0	0	1001.50	
1877	7	21	8	0	0	994.80	
1877	7	22	8	0	0	998.80	
1877	7	23	8	0	0	992.20	
1877	7	24	8	0	0	986.90	
1877	7	25	8	0	0	992.20	
1877	7	26	8	0	0	1000.20	
1877	7	27	8	0	0	1009.50	
1877	7	28	8	0	0	1010.80	
1877	7	29	8	0	0	1010.80	
1877	7	30	8	0	0	1012.10	
1877	7	31	8	0	0	1010.80	
1877	8	1	8	0	0	1010.50	
1877	8	2	8	0	0	1006.40	
1877	8	3	8	0	0	1007.50	
1877	8	4	8	0	0	1015.60	
1877	8	5	8	0	0	1014.90	
1877	8	6	8	0	0	1008.50	
1877	8	7	8	0	0	1000.00	
1877	8	8	8	0	0	991.20	
1877	8	9	8	0	0	996.30	
1877	8	10	8	0	0	1001.40	
1877	8	11	8	0	0	1017.30	
1877	8	12	8	0	0	1021.00	
1877	8	13	8	0	0	1022.70	
1877	8	14	8	0	0	1019.60	
1877	8	15	8	0	0	1013.20	
1877	8	16	8	0	0	1010.80	
1877	8	17	8	0	0	1012.90	
1877	8	18	8	0	0	1016.60	
1877	8	19	8	0	0	1011.20	
1877	8	20	8	0	0	1012.50	
1877	8	21	8	0	0	1003.70	
1877	8	22	8	0	0	1006.10	
1877	8	23	8	0	0	1010.80	
1877	8	24	8	0	0	1011.90	
1877	8	25	8	0	0	1014.60	
1877	8	26	8	0	0	1009.80	
1877	8	27	8	0	0	1010.20	
1877	8	28	8	0	0	995.90	
1877	8	29	8	0	0	1007.50	
1877	8	30	8	0	0	998.30	
1877	8	31	8	0	0	1003.00	
1877	9	1	8	0	0	1010.20	
1877	9	2	8	0	0	1013.20	
1877	9	3	8	0	0	1017.30	
1877	9	4	8	0	0	1022.00	
1877	9	5	8	0	0	1016.90	
1877	9	6	8	0	0	1013.20	
1877	9	7	8	0	0	1015.60	
1877	9	8	8	0	0	1018.60	
1877	9	9	8	0	0	1020.30	
1877	9	10	8	0	0	1014.60	
1877	9	11	8	0	0	1002.70	
1877	9	12	8	0	0	988.80	
1877	9	13	8	0	0	995.60	
1877	9	14	8	0	0	990.50	
1877	9	15	8	0	0	1011.90	
1877	9	16	8	0	0	1024.70	
1877	9	17	8	0	0	1032.50	
1877	9	18	8	0	0	1030.10	
1877	9	19	8	0	0	1020.70	
1877	9	20	8	0	0	1013.90	
1877	9	21	8	0	0	1017.60	
1877	9	22	8	0	0	1015.90	
1877	9	23	8	0	0	1015.20	
1877	9	24	8	0	0	1020.30	
1877	9	25	8	0	0	1017.60	
1877	9	26	8	0	0	1023.40	
1877	9	27	8	0	0	1024.00	
1877	9	28	8	0	0	1022.70	
1877	9	29	8	0	0	1025.10	
1877	9	30	8	0	0	1024.00	
1877	10	1	8	0	0	1018.80	
1877	10	2	8	0	0	1014.80	
1877	10	3	8	0	0	1008.10	
1877	10	4	8	0	0	1006.80	
1877	10	5	8	0	0	1021.40	
1877	10	6	8	0	0	1006.80	
1877	10	7	8	0	0	1026.80	
1877	10	8	8	0	0	1029.40	
1877	10	9	8	0	0	1024.10	
1877	10	10	8	0	0	1001.50	
1877	10	11	8	0	0	990.90	
1877	10	12	8	0	0	1000.20	
1877	10	13	8	0	0	981.50	
1877	10	14	8	0	0	988.20	
1877	10	15	8	0	0	974.90	
1877	10	16	8	0	0	1012.10	
1877	10	17	8	0	0	1021.40	
1877	10	18	8	0	0	1018.80	
1877	10	19	8	0	0	1014.80	
1877	10	20	8	0	0	1012.10	
1877	10	21	8	0	0	992.20	
1877	10	22	8	0	0	987.50	
1877	10	23	8	0	0	990.90	
1877	10	24	8	0	0	992.20	
1877	10	25	8	0	0	993.50	
1877	10	26	8	0	0	997.50	
1877	10	27	8	0	0	984.20	
1877	10	28	8	0	0	1001.50	
1877	10	29	8	0	0	988.20	
1877	10	30	8	0	0	988.20	
1877	10	31	8	0	0	998.80	
1877	11	1	8	0	0	1019.30	
1877	11	2	8	0	0	1003.40	
1877	11	3	8	0	0	1004.40	
1877	11	4	8	0	0	989.80	
1877	11	5	8	0	0	991.90	
1877	11	6	8	0	0	986.50	
1877	11	7	8	0	0	989.20	
1877	11	8	8	0	0	998.30	
1877	11	9	8	0	0	985.80	
1877	11	10	8	0	0	978.30	
1877	11	11	8	0	0	968.50	
1877	11	12	8	0	0	953.60	
1877	11	13	8	0	0	975.60	
1877	11	14	8	0	0	1003.70	
1877	11	15	8	0	0	1003.40	
1877	11	16	8	0	0	1004.40	
1877	11	17	8	0	0	1014.60	
1877	11	18	8	0	0	1001.40	
1877	11	19	8	0	0	999.00	
1877	11	20	8	0	0	1001.40	
1877	11	21	8	0	0	995.90	
1877	11	22	8	0	0	963.80	
1877	11	23	8	0	0	992.90	
1877	11	24	8	0	0	995.30	
1877	11	25	8	0	0	1005.10	
1877	11	26	8	0	0	997.60	
1877	11	27	8	0	0	981.00	
1877	11	28	8	0	0	971.90	
1877	11	29	8	0	0	969.50	
1877	11	30	8	0	0	975.30	
1877	12	1	8	0	0	990.90	
1877	12	2	8	0	0	1016.10	
1877	12	3	8	0	0	1021.40	
1877	12	4	8	0	0	1013.50	
1877	12	5	8	0	0	1010.80	
1877	12	6	8	0	0	984.20	
1877	12	7	8	0	0	994.80	
1877	12	8	8	0	0	998.80	
1877	12	9	8	0	0	1002.80	
1877	12	10	8	0	0	1005.50	
1877	12	11	8	0	0	1002.80	
1877	12	12	8	0	0	989.50	
1877	12	13	8	0	0	990.90	
1877	12	14	8	0	0	1013.50	
1877	12	15	8	0	0	1016.10	
1877	12	16	8	0	0	1012.10	
1877	12	17	8	0	0	1009.50	
1877	12	18	8	0	0	1025.40	
1877	12	19	8	0	0	1025.40	
1877	12	20	8	0	0	1021.40	
1877	12	21	8	0	0	1021.40	
1877	12	22	8	0	0	996.20	
1877	12	23	8	0	0	1008.10	
1877	12	24	8	0	0	996.20	
1877	12	25	8	0	0	1001.50	
1877	12	26	8	0	0	972.20	
1877	12	27	8	0	0	984.20	
1877	12	28	8	0	0	1006.80	
1877	12	29	8	0	0	980.20	
1877	12	30	8	0	0	985.50	
1877	12	31	8	0	0	1008.10	
1878	1	1	8	0	0	1010.80	
1878	1	2	8	0	0	1018.80	
1878	1	3	8	0	0	1001.50	
1878	1	4	8	0	0	1017.50	
1878	1	5	8	0	0	1010.80	
1878	1	6	8	0	0	1002.80	
1878	1	7	8	0	0	990.90	
1878	1	8	8	0	0	1022.80	
1878	1	9	8	0	0	1028.10	
1878	1	10	8	0	0	1024.10	
1878	1	11	8	0	0	1028.10	
1878	1	12	8	0	0	1025.40	
1878	1	13	8	0	0	1013.50	
1878	1	14	8	0	0	1013.50	
1878	1	15	8	0	0	1012.10	
1878	1	16	8	0	0	1010.80	
1878	1	17	8	0	0	1024.10	
1878	1	18	8	0	0	1024.10	
1878	1	19	8	0	0	1018.80	
1878	1	20	8	0	0	1006.80	
1878	1	21	8	0	0	1000.20	
1878	1	22	8	0	0	1005.50	
1878	1	23	8	0	0	977.60	
1878	1	24	8	0	0	990.90	
1878	1	25	8	0	0	993.50	
1878	1	26	8	0	0	1013.50	
1878	1	27	8	0	0	1002.80	
1878	1	28	8	0	0	997.50	
1878	1	29	8	0	0	1010.80	
1878	1	30	8	0	0	1022.80	
1878	1	31	8	0	0	1029.40	
1878	2	1	8	0	0	1029.40	
1878	2	2	8	0	0	1029.40	
1878	2	3	8	0	0	1030.80	
1878	2	4	8	0	0	1024.10	
1878	2	5	8	0	0	1024.10	
1878	2	6	8	0	0	1020.10	
1878	2	7	8	0	0	1020.10	
1878	2	8	8	0	0	1028.10	
1878	2	9	8	0	0	1020.10	
1878	2	10	8	0	0	1010.80	
1878	2	11	8	0	0	1013.50	
1878	2	12	8	0	0	1017.50	
1878	2	13	8	0	0	1013.50	
1878	2	14	8	0	0	1013.50	
1878	2	15	8	0	0	1006.80	
1878	2	16	8	0	0	1001.50	
1878	2	17	8	0	0	998.80	
1878	2	18	8	0	0	993.50	
1878	2	19	8	0	0	1017.50	
1878	2	20	8	0	0	1000.20	
1878	2	21	8	0	0	1020.10	
1878	2	22	8	0	0	1025.40	
1878	2	23	8	0	0	1021.40	
1878	2	24	8	0	0	1012.10	
1878	2	25	8	0	0	1006.80	
1878	2	26	8	0	0	1010.80	
1878	2	27	8	0	0	996.20	
1878	2	28	8	0	0	996.20	
1878	3	1	8	0	0	985.50	
1878	3	2	8	0	0	997.50	
1878	3	3	8	0	0	1012.10	
1878	3	4	8	0	0	1012.10	
1878	3	5	8	0	0	1008.10	
1878	3	6	8	0	0	996.20	
1878	3	7	8	0	0	1001.50	
1878	3	8	8	0	0	1009.50	
1878	3	9	8	0	0	1014.80	
1878	3	10	8	0	0	1005.50	
1878	3	11	8	0	0	1006.80	
1878	3	12	8	0	0	1026.80	
1878	3	13	8	0	0	1032.10	
1878	3	14	8	0	0	1029.40	
1878	3	15	8	0	0	1032.10	
1878	3	16	8	0	0	1036.10	
1878	3	17	8	0	0	1029.80	
1878	3	18	8	0	0	1024.40	
1878	3	19	8	0	0	1027.40	
1878	3	20	8	0	0	1023.70	
1878	3	21	8	0	0	1020.70	
1878	3	22	8	0	0	1019.30	
1878	3	23	8	0	0	1009.50	
1878	3	24	8	0	0	1001.70	
1878	3	25	8	0	0	1012.50	
1878	3	26	8	0	0	1012.10	
1878	3	27	8	0	0	1010.80	
1878	3	28	8	0	0	1001.50	
1878	3	29	8	0	0	1006.80	
1878	3	30	8	0	0	1004.20	
1878	3	31	8	0	0	994.80	
1878	4	1	8	0	0	980.20	
1878	4	2	8	0	0	984.20	
1878	4	3	8	0	0	993.50	
1878	4	4	8	0	0	1000.20	
1878	4	5	8	0	0	1006.80	
1878	4	6	8	0	0	1010.80	
1878	4	7	8	0	0	1013.50	
1878	4	8	8	0	0	1009.50	
1878	4	9	8	0	0	1017.50	
1878	4	10	8	0	0	1022.80	
1878	4	11	8	0	0	1020.10	
1878	4	12	8	0	0	1018.80	
1878	4	13	8	0	0	1009.50	
1878	4	14	8	0	0	1004.20	
1878	4	15	8	0	0	1001.50	
1878	4	16	8	0	0	1004.20	
1878	4	17	8	0	0	1001.50	
1878	4	18	8	0	0	1002.80	
1878	4	19	8	0	0	998.80	
1878	4	20	8	0	0	997.50	
1878	4	21	8	0	0	1000.20	
1878	4	22	8	0	0	1009.50	
1878	4	23	8	0	0	1009.50	
1878	4	24	8	0	0	1014.80	
1878	4	25	8	0	0	1018.80	
1878	4	26	8	0	0	1021.40	
1878	4	27	8	0	0	1020.10	
1878	4	28	8	0	0	1018.80	
1878	4	29	8	0	0	1010.80	
1878	4	30	8	0	0	1002.80	
1878	5	1	8	0	0	1001.50	
1878	5	2	8	0	0	1002.80	
1878	5	3	8	0	0	1002.80	
1878	5	4	8	0	0	1004.20	
1878	5	5	8	0	0	1008.10	
1878	5	6	8	0	0	1006.80	
1878	5	7	8	0	0	1005.50	
1878	5	8	8	0	0	1012.10	
1878	5	9	8	0	0	1012.10	
1878	5	10	8	0	0	1009.50	
1878	5	11	8	0	0	1005.50	
1878	5	12	8	0	0	1000.20	
1878	5	13	8	0	0	997.50	
1878	5	14	8	0	0	989.50	
1878	5	15	8	0	0	988.20	
1878	5	16	8	0	0	994.80	
1878	5	17	8	0	0	992.20	
1878	5	18	8	0	0	1002.80	
1878	5	19	8	0	0	994.80	
1878	5	20	8	0	0	1006.80	
1878	5	21	8	0	0	1001.50	
1878	5	22	8	0	0	1005.50	
1878	5	23	8	0	0	1000.20	
1878	5	24	8	0	0	1000.20	
1878	5	25	8	0	0	998.80	
1878	5	26	8	0	0	998.80	
1878	5	27	8	0	0	1002.80	
1878	5	28	8	0	0	1010.80	
1878	5	29	8	0	0	1020.00	
1878	5	30	8	0	0	1017.50	
1878	5	31	8	0	0	1016.10	
1878	6	1	8	0	0	1019.00	
1878	6	2	8	0	0	1016.30	
1878	6	3	8	0	0	1014.60	
1878	6	4	8	0	0	1011.50	
1878	6	5	8	0	0	1015.90	
1878	6	6	8	0	0	1022.00	
1878	6	7	8	0	0	1015.60	
1878	6	8	8	0	0	1003.40	
1878	6	9	8	0	0	988.10	
1878	6	10	8	0	0	994.90	
1878	6	11	8	0	0	999.70	
1878	6	12	8	0	0	1001.70	
1878	6	13	8	0	0	1012.50	
1878	6	14	8	0	0	1015.20	
1878	6	15	8	0	0	1009.80	
1878	6	16	8	0	0	1010.50	
1878	6	17	8	0	0	1009.80	
1878	6	18	8	0	0	1008.80	
1878	6	19	8	0	0	1011.50	
1878	6	20	8	0	0	1012.50	
1878	6	21	8	0	0	1010.80	
1878	6	22	8	0	0	1017.60	
1878	6	23	8	0	0	1013.90	
1878	6	24	8	0	0	1011.20	
1878	6	25	8	0	0	1014.20	
1878	6	26	8	0	0	1015.60	
1878	6	27	8	0	0	1017.30	
1878	6	28	8	0	0	1016.60	
1878	6	29	8	0	0	1015.90	
1878	6	30	8	0	0	1016.30	
1878	7	1	8	0	0	1017.60	
1878	7	2	8	0	0	1015.20	
1878	7	3	8	0	0	1015.20	
1878	7	4	8	0	0	1013.20	
1878	7	5	8	0	0	1006.40	
1878	7	6	8	0	0	1005.10	
1878	7	7	8	0	0	1009.50	
1878	7	8	8	0	0	1017.30	
1878	7	9	8	0	0	1005.10	
1878	7	10	8	0	0	1003.70	
1878	7	11	8	0	0	1006.10	
1878	7	12	8	0	0	1011.20	
1878	7	13	8	0	0	1017.30	
1878	7	14	8	0	0	1017.90	
1878	7	15	8	0	0	1020.70	
1878	7	16	8	0	0	1018.30	
1878	7	17	8	0	0	1019.00	
1878	7	18	8	0	0	1021.70	
1878	7	19	8	0	0	1023.40	
1878	7	20	8	0	0	1019.00	
1878	7	21	8	0	0	1019.00	
1878	7	22	8	0	0	1020.70	
1878	7	23	8	0	0	1014.20	
1878	7	24	8	0	0	1004.70	
1878	7	25	8	0	0	1003.40	
1878	7	26	8	0	0	1006.40	
1878	7	27	8	0	0	1011.90	
1878	7	28	8	0	0	1016.60	
1878	7	29	8	0	0	1020.00	
1878	7	30	8	0	0	1023.70	
1878	7	31	8	0	0	1026.40	
1878	8	1	8	0	0	1026.40	
1878	8	2	8	0	0	1024.40	
1878	8	3	8	0	0	1021.70	
1878	8	4	8	0	0	1020.30	
1878	8	5	8	0	0	1015.90	
1878	8	6	8	0	0	1010.80	
1878	8	7	8	0	0	999.70	
1878	8	8	8	0	0	1004.70	
1878	8	9	8	0	0	1014.90	
1878	8	10	8	0	0	1002.00	
1878	8	11	8	0	0	999.30	
1878	8	12	8	0	0	987.80	
1878	8	13	8	0	0	990.20	
1878	8	14	8	0	0	992.90	
1878	8	15	8	0	0	999.00	
1878	8	16	8	0	0	999.00	
1878	8	17	8	0	0	1000.30	
1878	8	18	8	0	0	1008.50	
1878	8	19	8	0	0	1014.20	
1878	8	20	8	0	0	1013.90	
1878	8	21	8	0	0	1014.90	
1878	8	22	8	0	0	1016.30	
1878	8	23	8	0	0	1012.20	
1878	8	24	8	0	0	1007.50	
1878	8	25	8	0	0	997.60	
1878	8	26	8	0	0	996.60	
1878	8	27	8	0	0	999.30	
1878	8	28	8	0	0	1002.70	
1878	8	29	8	0	0	1007.10	
1878	8	30	8	0	0	1002.00	
1878	8	31	8	0	0	1006.80	
1878	9	1	8	0	0	1015.20	
1878	9	2	8	0	0	1016.90	
1878	9	3	8	0	0	1006.80	
1878	9	4	8	0	0	1014.90	
1878	9	5	8	0	0	1014.90	
1878	9	6	8	0	0	1010.50	
1878	9	7	8	0	0	1016.90	
1878	9	8	8	0	0	1013.20	
1878	9	9	8	0	0	1006.80	
1878	9	10	8	0	0	1016.30	
1878	9	11	8	0	0	1013.20	
1878	9	12	8	0	0	1015.20	
1878	9	13	8	0	0	1010.80	
1878	9	14	8	0	0	1005.10	
1878	9	15	8	0	0	975.30	
1878	9	16	8	0	0	980.00	
1878	9	17	8	0	0	993.60	
1878	9	18	8	0	0	988.10	
1878	9	19	8	0	0	991.50	
1878	9	20	8	0	0	1013.90	
1878	9	21	8	0	0	1015.20	
1878	9	22	8	0	0	997.30	
1878	9	23	8	0	0	996.60	
1878	9	24	8	0	0	1004.40	
1878	9	25	8	0	0	998.60	
1878	9	26	8	0	0	997.30	
1878	9	27	8	0	0	1005.10	
1878	9	28	8	0	0	1014.90	
1878	9	29	8	0	0	1015.60	
1878	9	30	8	0	0	1007.50	
1878	10	1	8	0	0	1017.50	
1878	10	2	8	0	0	1020.10	
1878	10	3	8	0	0	1010.80	
1878	10	4	8	0	0	1014.80	
1878	10	5	8	0	0	1010.80	
1878	10	6	8	0	0	997.50	
1878	10	7	8	0	0	990.90	
1878	10	8	8	0	0	978.90	
1878	10	9	8	0	0	982.90	
1878	10	10	8	0	0	974.90	
1878	10	11	8	0	0	993.50	
1878	10	12	8	0	0	1012.10	
1878	10	13	8	0	0	1006.80	
1878	10	14	8	0	0	1002.80	
1878	10	15	8	0	0	1013.50	
1878	10	16	8	0	0	1014.80	
1878	10	17	8	0	0	1002.80	
1878	10	18	8	0	0	1009.50	
1878	10	19	8	0	0	1006.80	
1878	10	20	8	0	0	1001.50	
1878	10	21	8	0	0	978.90	
1878	10	22	8	0	0	968.20	
1878	10	23	8	0	0	973.60	
1878	10	24	8	0	0	978.90	
1878	10	25	8	0	0	977.60	
1878	10	26	8	0	0	988.20	
1878	10	27	8	0	0	990.90	
1878	10	28	8	0	0	993.50	
1878	10	29	8	0	0	1008.10	
1878	10	30	8	0	0	1012.10	
1878	10	31	8	0	0	1021.40	
1878	11	1	8	0	0	1023.00	
1878	11	2	8	0	0	1027.40	
1878	11	3	8	0	0	1025.40	
1878	11	4	8	0	0	1015.20	
1878	11	5	8	0	0	1017.30	
1878	11	6	8	0	0	1008.80	
1878	11	7	8	0	0	1009.50	
1878	11	8	8	0	0	1005.40	
1878	11	9	8	0	0	1014.20	
1878	11	10	8	0	0	982.40	
1878	11	11	8	0	0	994.90	
1878	11	12	8	0	0	995.90	
1878	11	13	8	0	0	1005.10	
1878	11	14	8	0	0	1010.50	
1878	11	15	8	0	0	1011.90	
1878	11	16	8	0	0	1002.70	
1878	11	17	8	0	0	1010.20	
1878	11	18	8	0	0	1021.00	
1878	11	19	8	0	0	1020.00	
1878	11	20	8	0	0	1022.40	
1878	11	22	8	0	0	1009.80	
1878	11	23	8	0	0	1016.60	
1878	11	24	8	0	0	1005.80	
1878	11	27	8	0	0	1000.70	
1878	11	28	8	0	0	1013.90	
1878	11	29	8	0	0	1007.50	
1878	11	30	8	0	0	1010.20	
1878	12	1	8	0	0	1007.80	
1878	12	2	8	0	0	1019.60	
1878	12	3	8	0	0	1024.00	
1878	12	4	8	0	0	1021.70	
1878	12	5	8	0	0	1022.70	
1878	12	6	8	0	0	1014.90	
1878	12	7	8	0	0	1012.50	
1878	12	8	8	0	0	1007.10	
1878	12	9	8	0	0	1007.10	
1878	12	10	8	0	0	1015.20	
1878	12	11	8	0	0	1016.30	
1878	12	12	8	0	0	1004.70	
1878	12	13	8	0	0	1001.00	
1878	12	14	8	0	0	1004.40	
1878	12	15	8	0	0	999.30	
1878	12	16	8	0	0	998.60	
1878	12	17	8	0	0	997.30	
1878	12	18	8	0	0	983.40	
1878	12	19	8	0	0	989.80	
1878	12	20	8	0	0	999.00	
1878	12	21	8	0	0	1006.40	
1878	12	22	8	0	0	1003.40	
1878	12	23	8	0	0	1011.90	
1878	12	24	8	0	0	1022.70	
1878	12	25	8	0	0	1012.20	
1878	12	26	8	0	0	1003.40	
1878	12	27	8	0	0	997.30	
1878	12	28	8	0	0	994.60	
1878	12	29	8	0	0	986.10	
1878	12	30	8	0	0	976.30	
1878	12	31	8	0	0	972.60	
1879	1	1	8	0	0	1003.00	
1879	1	2	8	0	0	1007.50	
1879	1	3	8	0	0	998.00	
1879	1	4	8	0	0	1007.50	
1879	1	5	8	0	0	1016.30	
1879	1	6	8	0	0	1019.30	
1879	1	7	8	0	0	1015.20	
1879	1	8	8	0	0	1003.40	
1879	1	9	8	0	0	1016.60	
1879	1	10	8	0	0	1008.50	
1879	1	11	8	0	0	1006.10	
1879	1	12	8	0	0	1011.50	
1879	1	13	8	0	0	998.00	
1879	1	14	8	0	0	996.60	
1879	1	15	8	0	0	992.20	
1879	1	16	8	0	0	1008.50	
1879	1	17	8	0	0	1015.60	
1879	1	18	8	0	0	1006.80	
1879	1	19	8	0	0	1021.70	
1879	1	20	8	0	0	1020.30	
1879	1	21	8	0	0	1017.30	
1879	1	22	8	0	0	1024.40	
1879	1	23	8	0	0	1019.30	
1879	1	24	8	0	0	1015.60	
1879	1	25	8	0	0	1016.90	
1879	1	26	8	0	0	1015.90	
1879	1	27	8	0	0	1025.70	
1879	1	28	8	0	0	1029.10	
1879	1	29	8	0	0	1028.80	
1879	1	30	8	0	0	1032.50	
1879	1	31	8	0	0	1028.10	
1879	2	1	8	0	0	1018.30	
1879	2	2	8	0	0	1011.20	
1879	2	3	8	0	0	1011.50	
1879	2	4	8	0	0	1013.50	
1879	2	5	8	0	0	991.90	
1879	2	6	8	0	0	972.20	
1879	2	7	8	0	0	973.60	
1879	2	8	8	0	0	979.30	
1879	2	9	8	0	0	988.50	
1879	2	10	8	0	0	981.00	
1879	2	11	8	0	0	982.10	
1879	2	12	8	0	0	1003.00	
1879	2	13	8	0	0	1005.10	
1879	2	15	8	0	0	998.60	
1879	2	16	8	0	0	983.40	
1879	2	17	8	0	0	979.70	
1879	2	18	8	0	0	987.50	
1879	2	19	8	0	0	988.50	
1879	2	20	8	0	0	982.70	
1879	2	21	8	0	0	986.80	
1879	2	22	8	0	0	993.90	
1879	2	23	8	0	0	1007.10	
1879	2	24	8	0	0	1014.90	
1879	2	25	8	0	0	1026.10	
1879	2	26	8	0	0	1016.30	
1879	2	27	8	0	0	1004.70	
1879	2	28	8	0	0	1000.00	
1879	3	1	8	0	0	1011.20	
1879	3	2	8	0	0	998.30	
1879	3	3	8	0	0	995.30	
1879	3	4	8	0	0	980.40	
1879	3	5	8	0	0	990.90	
1879	3	6	8	0	0	1007.80	
1879	3	7	8	0	0	1018.60	
1879	3	8	8	0	0	1024.00	
1879	3	9	8	0	0	1011.90	
1879	3	10	8	0	0	1013.20	
1879	3	11	8	0	0	1022.40	
1879	3	12	8	0	0	1000.70	
1879	3	13	8	0	0	1026.40	
1879	3	14	8	0	0	1022.40	
1879	3	15	8	0	0	1003.70	
1879	3	16	8	0	0	1011.90	
1879	3	17	8	0	0	1018.30	
1879	3	18	8	0	0	1008.80	
1879	3	19	8	0	0	1008.10	
1879	3	20	8	0	0	1015.90	
1879	3	21	8	0	0	1012.90	
1879	3	22	8	0	0	1016.60	
1879	3	23	8	0	0	1021.00	
1879	3	24	8	0	0	1021.30	
1879	3	25	8	0	0	1019.60	
1879	3	26	8	0	0	1014.20	
1879	3	27	8	0	0	1013.20	
1879	3	28	8	0	0	1005.40	
1879	3	29	8	0	0	984.40	
1879	3	30	8	0	0	988.50	
1879	3	31	8	0	0	988.80	
1879	4	1	8	0	0	996.30	
1879	4	2	8	0	0	999.70	
1879	4	3	8	0	0	997.00	
1879	4	4	8	0	0	997.60	
1879	4	5	8	0	0	993.20	
1879	4	6	8	0	0	985.10	
1879	4	7	8	0	0	984.10	
1879	4	8	8	0	0	989.50	
1879	4	9	8	0	0	1003.40	
1879	4	10	8	0	0	1017.90	
1879	4	11	8	0	0	1024.70	
1879	4	12	8	0	0	1019.30	
1879	4	13	8	0	0	1015.60	
1879	4	14	8	0	0	1011.90	
1879	4	15	8	0	0	1004.40	
1879	4	16	8	0	0	999.70	
1879	4	17	8	0	0	1006.80	
1879	4	18	8	0	0	1012.90	
1879	4	19	8	0	0	1009.10	
1879	4	20	8	0	0	1002.40	
1879	4	21	8	0	0	1004.40	
1879	4	22	8	0	0	1003.40	
1879	4	23	8	0	0	1002.40	
1879	4	24	8	0	0	1011.90	
1879	4	25	8	0	0	1010.80	
1879	4	26	8	0	0	1002.00	
1879	4	27	8	0	0	1013.20	
1879	4	28	8	0	0	1023.40	
1879	4	29	8	0	0	1026.10	
1879	4	30	8	0	0	1025.40	
1879	5	1	8	0	0	1024.00	
1879	5	2	8	0	0	1028.40	
1879	5	3	8	0	0	1024.40	
1879	5	4	8	0	0	1028.10	
1879	5	5	8	0	0	1026.10	
1879	5	6	8	0	0	1026.80	
1879	5	7	8	0	0	1025.40	
1879	5	8	8	0	0	1008.10	
1879	5	9	8	0	0	1012.90	
1879	5	10	8	0	0	1013.50	
1879	5	11	8	0	0	1000.30	
1879	5	12	8	0	0	1013.20	
1879	5	13	8	0	0	1013.50	
1879	5	14	8	0	0	1015.90	
1879	5	15	8	0	0	1024.40	
1879	5	16	8	0	0	1016.90	
1879	5	17	8	0	0	1014.90	
1879	5	18	8	0	0	1007.10	
1879	5	19	8	0	0	1008.10	
1879	5	20	8	0	0	1007.80	
1879	5	21	8	0	0	1017.90	
1879	5	22	8	0	0	1011.90	
1879	5	23	8	0	0	1019.60	
1879	5	24	8	0	0	1008.80	
1879	5	25	8	0	0	1003.00	
1879	5	26	8	0	0	997.60	
1879	5	27	8	0	0	1004.70	
1879	5	28	8	0	0	1012.50	
1879	5	29	8	0	0	1006.80	
1879	5	30	8	0	0	1003.70	
1879	5	31	8	0	0	1005.40	
1879	6	1	8	0	0	1001.00	
1879	6	2	8	0	0	1001.00	
1879	6	3	8	0	0	1004.10	
1879	6	4	8	0	0	1008.10	
1879	6	5	8	0	0	1009.10	
1879	6	6	8	0	0	1007.80	
1879	6	7	8	0	0	1007.50	
1879	6	8	8	0	0	1002.70	
1879	6	9	8	0	0	1005.10	
1879	6	10	8	0	0	1012.20	
1879	6	11	8	0	0	1014.20	
1879	6	12	8	0	0	1015.60	
1879	6	13	8	0	0	1019.30	
1879	6	14	8	0	0	1016.60	
1879	6	15	8	0	0	1009.10	
1879	6	16	8	0	0	1006.10	
1879	6	17	8	0	0	999.30	
1879	6	18	8	0	0	1011.50	
1879	6	19	8	0	0	1003.00	
1879	6	20	8	0	0	997.30	
1879	6	21	8	0	0	1001.00	
1879	6	22	8	0	0	999.30	
1879	6	23	8	0	0	1002.40	
1879	6	24	8	0	0	999.00	
1879	6	25	8	0	0	998.60	
1879	6	26	8	0	0	997.30	
1879	6	27	8	0	0	993.20	
1879	6	28	8	0	0	989.80	
1879	6	29	8	0	0	997.60	
1879	6	30	8	0	0	1002.40	
1879	7	1	8	0	0	995.90	
1879	7	2	8	0	0	978.00	
1879	7	3	8	0	0	977.70	
1879	7	4	8	0	0	990.50	
1879	7	5	8	0	0	1000.70	
1879	7	6	8	0	0	1008.50	
1879	7	7	8	0	0	993.60	
1879	7	8	8	0	0	981.40	
1879	7	9	8	0	0	994.90	
1879	7	10	8	0	0	1008.50	
1879	7	11	8	0	0	1011.90	
1879	7	12	8	0	0	1008.10	
1879	7	13	8	0	0	1006.40	
1879	7	14	8	0	0	1010.20	
1879	7	15	8	0	0	1012.50	
1879	7	16	8	0	0	1011.20	
1879	7	17	8	0	0	1011.50	
1879	7	18	8	0	0	1015.90	
1879	7	19	8	0	0	1008.10	
1879	7	20	8	0	0	998.30	
1879	7	21	8	0	0	1004.70	
1879	7	22	8	0	0	1012.50	
1879	7	23	8	0	0	1014.90	
1879	7	24	8	0	0	1010.20	
1879	7	25	8	0	0	1007.10	
1879	7	26	8	0	0	1007.50	
1879	7	27	8	0	0	1011.50	
1879	7	28	8	0	0	1004.40	
1879	7	29	8	0	0	1008.10	
1879	7	30	8	0	0	1007.50	
1879	7	31	8	0	0	1011.20	
1879	8	1	8	0	0	1000.00	
1879	8	2	8	0	0	1013.90	
1879	8	3	8	0	0	1018.60	
1879	8	4	8	0	0	1008.80	
1879	8	5	8	0	0	1007.50	
1879	8	6	8	0	0	1002.70	
1879	8	7	8	0	0	1004.10	
1879	8	8	8	0	0	1008.10	
1879	8	9	8	0	0	1012.90	
1879	8	10	8	0	0	1015.90	
1879	8	11	8	0	0	1011.50	
1879	8	12	8	0	0	1009.10	
1879	8	13	8	0	0	1000.00	
1879	8	14	8	0	0	1010.80	
1879	8	15	8	0	0	1014.60	
1879	8	16	8	0	0	1006.40	
1879	8	17	8	0	0	999.70	
1879	8	18	8	0	0	1005.10	
1879	8	19	8	0	0	1006.10	
1879	8	20	8	0	0	1000.70	
1879	8	21	8	0	0	998.30	
1879	8	22	8	0	0	989.50	
1879	8	23	8	0	0	999.70	
1879	8	24	8	0	0	1006.80	
1879	8	25	8	0	0	992.60	
1879	8	26	8	0	0	991.90	
1879	8	27	8	0	0	990.50	
1879	8	28	8	0	0	981.40	
1879	8	29	8	0	0	987.10	
1879	8	30	8	0	0	1002.40	
1879	8	31	8	0	0	1009.10	
1879	9	1	8	0	0	1017.30	
1879	9	2	8	0	0	1003.40	
1879	9	3	8	0	0	1004.10	
1879	9	4	8	0	0	1015.20	
1879	9	5	8	0	0	1017.30	
1879	9	6	8	0	0	1000.70	
1879	9	7	8	0	0	998.00	
1879	9	8	8	0	0	989.80	
1879	9	9	8	0	0	995.90	
1879	9	10	8	0	0	1008.10	
1879	9	11	8	0	0	997.00	
1879	9	12	8	0	0	988.80	
1879	9	13	8	0	0	997.00	
1879	9	14	8	0	0	1000.70	
1879	9	15	8	0	0	1009.10	
1879	9	16	8	0	0	1015.90	
1879	9	17	8	0	0	1011.50	
1879	9	18	8	0	0	1011.90	
1879	9	19	8	0	0	1019.30	
1879	9	20	8	0	0	1000.70	
1879	9	21	8	0	0	1004.40	
1879	9	22	8	0	0	1003.00	
1879	9	23	8	0	0	960.70	
1879	9	24	8	0	0	991.20	
1879	9	25	8	0	0	1003.00	
1879	9	26	8	0	0	1010.50	
1879	9	27	8	0	0	1013.90	
1879	9	28	8	0	0	1005.80	
1879	9	29	8	0	0	1008.10	
1879	9	30	8	0	0	1013.90	
1879	10	1	8	0	0	993.20	
1879	10	2	8	0	0	993.60	
1879	10	3	8	0	0	999.00	
1879	10	4	8	0	0	1015.60	
1879	10	5	8	0	0	1020.70	
1879	10	6	8	0	0	1024.70	
1879	10	7	8	0	0	1027.40	
1879	10	8	8	0	0	1032.20	
1879	10	9	8	0	0	1029.80	
1879	10	10	8	0	0	1027.40	
1879	10	11	8	0	0	1030.50	
1879	10	12	8	0	0	1030.80	
1879	10	13	8	0	0	1023.70	
1879	10	14	8	0	0	1023.40	
1879	10	15	8	0	0	1026.80	
1879	10	16	8	0	0	1018.60	
1879	10	17	8	0	0	1006.10	
1879	10	18	8	0	0	1010.80	
1879	10	19	8	0	0	982.10	
1879	10	20	8	0	0	987.10	
1879	10	21	8	0	0	1011.20	
1879	10	22	8	0	0	1002.40	
1879	10	23	8	0	0	1007.10	
1879	10	24	8	0	0	998.00	
1879	10	25	8	0	0	1000.00	
1879	10	26	8	0	0	1017.30	
1879	10	27	8	0	0	1024.00	
1879	10	28	8	0	0	1021.70	
1879	10	29	8	0	0	1025.70	
1879	10	30	8	0	0	1029.10	
1879	10	31	8	0	0	1024.40	
1879	11	1	8	0	0	1025.70	
1879	11	2	8	0	0	1030.80	
1879	11	3	8	0	0	1033.50	
1879	11	4	8	0	0	1031.50	
1879	11	5	8	0	0	1023.70	
1879	11	6	8	0	0	1024.40	
1879	11	7	8	0	0	1030.80	
1879	11	8	8	0	0	1025.70	
1879	11	9	8	0	0	1010.80	
1879	11	10	8	0	0	1019.30	
1879	11	11	8	0	0	996.30	
1879	11	12	8	0	0	1013.90	
1879	11	13	8	0	0	1024.00	
1879	11	14	8	0	0	1023.70	
1879	11	15	8	0	0	1021.30	
1879	11	16	8	0	0	1015.90	
1879	11	17	8	0	0	1004.10	
1879	11	18	8	0	0	1018.30	
1879	11	19	8	0	0	1029.10	
1879	11	20	8	0	0	1029.10	
1879	11	21	8	0	0	1028.80	
1879	11	22	8	0	0	1015.90	
1879	11	23	8	0	0	1017.90	
1879	11	24	8	0	0	1025.10	
1879	11	25	8	0	0	1032.80	
1879	11	26	8	0	0	1029.50	
1879	11	27	8	0	0	1031.50	
1879	11	28	8	0	0	1022.40	
1879	11	29	8	0	0	1021.30	
1879	11	30	8	0	0	1016.60	
1879	12	1	8	0	0	1020.30	
1879	12	2	8	0	0	1012.50	
1879	12	3	8	0	0	1010.80	
1879	12	4	8	0	0	1004.10	
1879	12	5	8	0	0	997.60	
1879	12	6	8	0	0	1012.50	
1879	12	7	8	0	0	1024.70	
1879	12	8	8	0	0	1026.80	
1879	12	9	8	0	0	1024.40	
1879	12	10	8	0	0	1031.80	
1879	12	11	8	0	0	1029.80	
1879	12	12	8	0	0	1032.20	
1879	12	13	8	0	0	1028.10	
1879	12	14	8	0	0	1013.90	
1879	12	15	8	0	0	1019.30	
1879	12	16	8	0	0	1017.60	
1879	12	17	8	0	0	1027.40	
1879	12	18	8	0	0	1030.80	
1879	12	19	8	0	0	1030.50	
1879	12	20	8	0	0	1028.80	
1879	12	21	8	0	0	1015.20	
1879	12	22	8	0	0	1014.60	
1879	12	23	8	0	0	1019.00	
1879	12	24	8	0	0	1008.50	
1879	12	25	8	0	0	1025.10	
1879	12	26	8	0	0	1017.30	
1879	12	27	8	0	0	999.30	
1879	12	28	8	0	0	995.90	
1879	12	30	8	0	0	982.70	
1879	12	31	8	0	0	987.10	
1880	1	1	8	0	0	984.10	
1880	1	2	8	0	0	989.80	
1880	1	3	8	0	0	1015.20	
1880	1	4	8	0	0	1017.90	
1880	1	5	8	0	0	1014.90	
1880	1	6	8	0	0	1025.10	
1880	1	7	8	0	0	1029.10	
1880	1	8	8	0	0	1030.10	
1880	1	9	8	0	0	1024.00	
1880	1	10	8	0	0	1026.80	
1880	1	11	8	0	0	1032.80	
1880	1	12	8	0	0	1034.50	
1880	1	13	8	0	0	1033.20	
1880	1	14	8	0	0	1030.50	
1880	1	15	8	0	0	1021.70	
1880	1	16	8	0	0	1017.30	
1880	1	17	8	0	0	1017.60	
1880	1	18	8	0	0	1017.30	
1880	1	19	8	0	0	1028.80	
1880	1	20	8	0	0	1031.80	
1880	1	21	8	0	0	1027.40	
1880	1	22	8	0	0	1030.80	
1880	1	23	8	0	0	1028.10	
1880	1	24	8	0	0	1024.00	
1880	1	25	8	0	0	1010.50	
1880	1	26	8	0	0	1011.50	
1880	1	27	8	0	0	1009.80	
1880	1	28	8	0	0	1003.00	
1880	1	29	8	0	0	1006.80	
1880	1	30	8	0	0	994.90	
1880	1	31	8	0	0	1007.10	
1880	2	1	8	0	0	1010.80	
1880	2	2	8	0	0	1009.80	
1880	2	3	8	0	0	1016.60	
1880	2	4	8	0	0	1011.50	
1880	2	5	8	0	0	1003.70	
1880	2	6	8	0	0	994.20	
1880	2	7	8	0	0	980.00	
1880	2	8	8	0	0	988.80	
1880	2	9	8	0	0	995.30	
1880	2	10	8	0	0	987.80	
1880	2	11	8	0	0	1000.30	
1880	2	12	8	0	0	992.90	
1880	2	13	8	0	0	1010.50	
1880	2	14	8	0	0	993.90	
1880	2	15	8	0	0	1003.70	
1880	2	16	8	0	0	985.10	
1880	2	17	8	0	0	970.20	
1880	2	18	8	0	0	979.30	
1880	2	19	8	0	0	969.90	
1880	2	20	8	0	0	974.30	
1880	2	21	8	0	0	994.90	
1880	2	22	8	0	0	1014.90	
1880	2	23	8	0	0	1017.60	
1880	2	24	8	0	0	1023.70	
1880	2	25	8	0	0	1013.90	
1880	2	26	8	0	0	1002.70	
1880	2	27	8	0	0	999.70	
1880	2	28	8	0	0	985.80	
1880	2	29	8	0	0	983.70	
1880	3	1	8	0	0	957.70	
1880	3	2	8	0	0	973.90	
1880	3	3	8	0	0	977.70	
1880	3	4	8	0	0	990.20	
1880	3	5	8	0	0	1003.40	
1880	3	6	8	0	0	999.70	
1880	3	7	8	0	0	1013.90	
1880	3	8	8	0	0	1026.10	
1880	3	9	8	0	0	1024.00	
1880	3	10	8	0	0	1022.00	
1880	3	11	8	0	0	1026.80	
1880	3	12	8	0	0	1023.40	
1880	3	13	8	0	0	1022.00	
1880	3	14	8	0	0	1025.40	
1880	3	15	8	0	0	1026.10	
1880	3	16	8	0	0	1021.30	
1880	3	17	8	0	0	1017.60	
1880	3	18	8	0	0	1024.70	
1880	3	19	8	0	0	1027.40	
1880	3	20	8	0	0	1025.40	
1880	3	21	8	0	0	1026.10	
1880	3	22	8	0	0	1026.40	
1880	3	23	8	0	0	1026.40	
1880	3	24	8	0	0	1028.40	
1880	3	25	8	0	0	1022.00	
1880	3	26	8	0	0	1020.70	
1880	3	27	8	0	0	1023.00	
1880	3	28	8	0	0	1018.30	
1880	3	29	8	0	0	1014.60	
1880	3	30	8	0	0	1011.20	
1880	3	31	8	0	0	982.10	
1880	4	1	8	0	0	990.90	
1880	4	2	8	0	0	983.70	
1880	4	3	8	0	0	986.50	
1880	4	4	8	0	0	982.40	
1880	4	5	8	0	0	974.90	
1880	4	6	8	0	0	976.30	
1880	4	7	8	0	0	1000.30	
1880	4	8	8	0	0	1020.30	
1880	4	9	8	0	0	1030.80	
1880	4	10	8	0	0	1029.80	
1880	4	11	8	0	0	1016.30	
1880	4	12	8	0	0	1018.60	
1880	4	13	8	0	0	1014.90	
1880	4	14	8	0	0	1009.80	
1880	4	15	8	0	0	1015.90	
1880	4	16	8	0	0	1006.40	
1880	4	17	8	0	0	1001.00	
1880	4	18	8	0	0	998.60	
1880	4	19	8	0	0	997.30	
1880	4	20	8	0	0	998.00	
1880	4	21	8	0	0	990.90	
1880	4	22	8	0	0	1000.00	
1880	4	23	8	0	0	1005.10	
1880	4	24	8	0	0	1003.00	
1880	4	25	8	0	0	1014.20	
1880	4	26	8	0	0	1023.70	
1880	4	27	8	0	0	1027.10	
1880	4	28	8	0	0	1027.10	
1880	4	29	8	0	0	1031.20	
1880	4	30	8	0	0	1030.50	
1880	5	1	8	0	0	1018.60	
1880	5	2	8	0	0	1007.10	
1880	5	3	8	0	0	1012.90	
1880	5	4	8	0	0	1021.30	
1880	5	5	8	0	0	1020.70	
1880	5	6	8	0	0	1021.00	
1880	5	7	8	0	0	1023.40	
1880	5	8	8	0	0	1022.40	
1880	5	9	8	0	0	1028.10	
1880	5	10	8	0	0	1025.70	
1880	5	11	8	0	0	1025.40	
1880	5	12	8	0	0	1025.70	
1880	5	13	8	0	0	1027.80	
1880	5	14	8	0	0	1028.10	
1880	5	15	8	0	0	1029.80	
1880	5	16	8	0	0	1027.10	
1880	5	17	8	0	0	1027.80	
1880	5	18	8	0	0	1026.10	
1880	5	19	8	0	0	1019.30	
1880	5	20	8	0	0	1023.00	
1880	5	21	8	0	0	1017.90	
1880	5	22	8	0	0	1003.70	
1880	5	23	8	0	0	995.90	
1880	5	24	8	0	0	988.10	
1880	5	25	8	0	0	1002.00	
1880	5	26	8	0	0	993.90	
1880	5	27	8	0	0	1005.40	
1880	5	28	8	0	0	1012.50	
1880	5	29	8	0	0	1026.10	
1880	5	30	8	0	0	1015.20	
1880	5	31	8	0	0	1017.60	
1880	6	1	8	0	0	1030.10	
1880	6	2	8	0	0	1032.50	
1880	6	3	8	0	0	1023.00	
1880	6	4	8	0	0	1022.70	
1880	6	5	8	0	0	1011.90	
1880	6	6	8	0	0	1003.40	
1880	6	7	8	0	0	996.60	
1880	6	8	8	0	0	1002.70	
1880	6	9	8	0	0	1008.50	
1880	6	10	8	0	0	1010.20	
1880	6	11	8	0	0	1011.20	
1880	6	12	8	0	0	1005.80	
1880	6	13	8	0	0	1008.10	
1880	6	14	8	0	0	1021.00	
1880	6	15	8	0	0	1027.80	
1880	6	16	8	0	0	1029.80	
1880	6	17	8	0	0	1029.80	
1880	6	18	8	0	0	1023.70	
1880	6	19	8	0	0	1010.50	
1880	6	20	8	0	0	1005.10	
1880	6	21	8	0	0	1003.00	
1880	6	22	8	0	0	1007.10	
1880	6	23	8	0	0	1007.10	
1880	6	24	8	0	0	1006.10	
1880	6	25	8	0	0	1008.50	
1880	6	26	8	0	0	1010.80	
1880	6	27	8	0	0	1011.20	
1880	6	28	8	0	0	1006.80	
1880	6	29	8	0	0	1007.10	
1880	6	30	8	0	0	1004.10	
1880	7	1	8	0	0	999.30	
1880	7	2	8	0	0	1001.00	
1880	7	3	8	0	0	1003.40	
1880	7	4	8	0	0	1018.30	
1880	7	5	8	0	0	1015.90	
1880	7	6	8	0	0	1005.40	
1880	7	7	8	0	0	1004.10	
1880	7	8	8	0	0	1000.00	
1880	7	9	8	0	0	1003.40	
1880	7	10	8	0	0	1009.50	
1880	7	11	8	0	0	1016.30	
1880	7	12	8	0	0	1020.30	
1880	7	13	8	0	0	1024.40	
1880	7	14	8	0	0	1025.10	
1880	7	15	8	0	0	1022.40	
1880	7	16	8	0	0	1020.30	
1880	7	17	8	0	0	1017.30	
1880	7	18	8	0	0	1012.20	
1880	7	19	8	0	0	1014.20	
1880	7	20	8	0	0	1019.00	
1880	7	21	8	0	0	1017.90	
1880	7	22	8	0	0	1016.30	
1880	7	23	8	0	0	1010.80	
1880	7	24	8	0	0	1006.80	
1880	7	25	8	0	0	1007.50	
1880	7	26	8	0	0	1005.80	
1880	7	27	8	0	0	1004.70	
1880	7	28	8	0	0	1004.70	
1880	7	29	8	0	0	993.90	
1880	7	30	8	0	0	989.50	
1880	7	31	8	0	0	999.70	
1880	8	1	8	0	0	999.70	
1880	8	2	8	0	0	1001.70	
1880	8	3	8	0	0	1006.80	
1880	8	4	8	0	0	1003.70	
1880	8	5	8	0	0	997.60	
1880	8	6	8	0	0	994.20	
1880	8	7	8	0	0	993.90	
1880	8	8	8	0	0	996.60	
1880	8	9	8	0	0	1009.80	
1880	8	10	8	0	0	1012.90	
1880	8	11	8	0	0	1020.00	
1880	8	12	8	0	0	1026.40	
1880	8	13	8	0	0	1024.70	
1880	8	14	8	0	0	1023.00	
1880	8	15	8	0	0	1021.30	
1880	8	16	8	0	0	1021.70	
1880	8	17	8	0	0	1024.00	
1880	8	18	8	0	0	1025.10	
1880	8	19	8	0	0	1018.30	
1880	8	20	8	0	0	1016.60	
1880	8	21	8	0	0	1022.70	
1880	8	22	8	0	0	1022.40	
1880	8	23	8	0	0	1022.00	
1880	8	24	8	0	0	1021.30	
1880	8	25	8	0	0	1018.60	
1880	8	26	8	0	0	1014.60	
1880	8	27	8	0	0	1019.00	
1880	8	28	8	0	0	1024.00	
1880	8	29	8	0	0	1021.30	
1880	8	30	8	0	0	1017.60	
1880	8	31	8	0	0	1015.60	
1880	9	1	8	0	0	1009.50	
1880	9	2	8	0	0	1018.60	
1880	9	3	8	0	0	1016.90	
1880	9	4	8	0	0	1011.90	
1880	9	5	8	0	0	1005.10	
1880	9	6	8	0	0	999.30	
1880	9	7	8	0	0	1007.80	
1880	9	8	8	0	0	1018.30	
1880	9	9	8	0	0	1012.90	
1880	9	10	8	0	0	997.00	
1880	9	11	8	0	0	993.20	
1880	9	12	8	0	0	999.30	
1880	9	13	8	0	0	995.90	
1880	9	14	8	0	0	1000.70	
1880	9	15	8	0	0	1008.80	
1880	9	16	8	0	0	1015.20	
1880	9	17	8	0	0	1003.00	
1880	9	18	8	0	0	994.90	
1880	9	19	8	0	0	996.30	
1880	9	20	8	0	0	1004.10	
1880	9	21	8	0	0	1001.00	
1880	9	22	8	0	0	1005.80	
1880	9	23	8	0	0	1016.30	
1880	9	24	8	0	0	1012.90	
1880	9	25	8	0	0	1010.80	
1880	9	26	8	0	0	990.20	
1880	9	27	8	0	0	1018.60	
1880	9	28	8	0	0	1029.50	
1880	9	29	8	0	0	1026.10	
1880	9	30	8	0	0	1024.70	
1880	10	1	8	0	0	1014.90	
1880	10	2	8	0	0	1015.60	
1880	10	3	8	0	0	1012.20	
1880	10	4	8	0	0	1010.80	
1880	10	5	8	0	0	1008.50	
1880	10	6	8	0	0	1006.80	
1880	10	7	8	0	0	1013.20	
1880	10	8	8	0	0	1014.90	
1880	10	9	8	0	0	1023.00	
1880	10	10	8	0	0	1025.10	
1880	10	11	8	0	0	1025.70	
1880	10	12	8	0	0	1029.50	
1880	10	13	8	0	0	1026.10	
1880	10	14	8	0	0	1025.10	
1880	10	15	8	0	0	1023.00	
1880	10	16	8	0	0	1017.90	
1880	10	17	8	0	0	1014.90	
1880	10	18	8	0	0	1012.20	
1880	10	19	8	0	0	1022.00	
1880	10	20	8	0	0	1011.90	
1880	10	21	8	0	0	1016.60	
1880	10	22	8	0	0	1014.90	
1880	10	23	8	0	0	1020.00	
1880	10	24	8	0	0	1023.00	
1880	10	25	8	0	0	1008.50	
1880	10	26	8	0	0	1011.90	
1880	10	27	8	0	0	1005.80	
1880	10	28	8	0	0	1000.30	
1880	10	29	8	0	0	1009.80	
1880	10	30	8	0	0	1007.80	
1880	10	31	8	0	0	1008.50	
1880	11	1	8	0	0	1022.40	
1880	11	2	8	0	0	1020.00	
1880	11	3	8	0	0	1023.70	
1880	11	4	8	0	0	1024.00	
1880	11	5	8	0	0	1021.30	
1880	11	6	8	0	0	1011.90	
1880	11	7	8	0	0	1012.50	
1880	11	8	8	0	0	1027.40	
1880	11	9	8	0	0	1012.20	
1880	11	10	8	0	0	1014.60	
1880	11	11	8	0	0	1004.10	
1880	11	12	8	0	0	999.70	
1880	11	13	8	0	0	985.80	
1880	11	14	8	0	0	990.20	
1880	11	15	8	0	0	1000.70	
1880	11	16	8	0	0	983.70	
1880	11	17	8	0	0	987.50	
1880	11	18	8	0	0	994.90	
1880	11	19	8	0	0	1004.70	
1880	11	20	8	0	0	1022.40	
1880	11	21	8	0	0	1031.80	
1880	11	22	8	0	0	1013.50	
1880	11	23	8	0	0	996.60	
1880	11	24	8	0	0	987.80	
1880	11	25	8	0	0	974.30	
1880	11	26	8	0	0	964.80	
1880	11	27	8	0	0	992.90	
1880	11	28	8	0	0	1031.50	
1880	11	29	8	0	0	1008.80	
1880	11	30	8	0	0	1018.60	
1880	12	1	8	0	0	1003.00	
1880	12	2	8	0	0	1017.90	
1880	12	3	8	0	0	1010.50	
1880	12	4	8	0	0	1022.00	
1880	12	5	8	0	0	1017.30	
1880	12	6	8	0	0	1018.60	
1880	12	7	8	0	0	1023.00	
1880	12	8	8	0	0	1015.90	
1880	12	9	8	0	0	1020.00	
1880	12	10	8	0	0	1014.20	
1880	12	11	8	0	0	1005.80	
1880	12	12	8	0	0	1005.80	
1880	12	13	8	0	0	1005.80	
1880	12	14	8	0	0	1009.50	
1880	12	15	8	0	0	999.00	
1880	12	16	8	0	0	1008.50	
1880	12	17	8	0	0	1009.10	
1880	12	18	8	0	0	983.40	
1880	12	19	8	0	0	971.60	
1880	12	20	8	0	0	992.60	
1880	12	21	8	0	0	1010.80	
1880	12	22	8	0	0	1008.80	
1880	12	23	8	0	0	983.70	
1880	12	24	8	0	0	991.90	
1880	12	25	8	0	0	994.90	
1880	12	26	8	0	0	992.20	
1880	12	27	8	0	0	995.30	
1880	12	28	8	0	0	1002.00	
1880	12	29	8	0	0	998.60	
1880	12	30	8	0	0	992.90	
1880	12	31	8	0	0	1012.90	
1881	1	1	8	0	0	1013.50	
1881	1	2	8	0	0	1016.30	
1881	1	3	8	0	0	1014.20	
1881	1	4	8	0	0	1023.40	
1881	1	5	8	0	0	1032.80	
1881	1	6	8	0	0	1038.60	
1881	1	7	8	0	0	1040.00	
1881	1	8	8	0	0	1033.90	
1881	1	9	8	0	0	1029.10	
1881	1	10	8	0	0	1024.00	
1881	1	11	8	0	0	1010.80	
1881	1	12	8	0	0	1007.50	
1881	1	13	8	0	0	1007.50	
1881	1	14	8	0	0	1013.50	
1881	1	15	8	0	0	1008.80	
1881	1	16	8	0	0	1006.10	
1881	1	17	8	0	0	1004.10	
1881	1	18	8	0	0	1011.50	
1881	1	19	8	0	0	1009.80	
1881	1	20	8	0	0	1016.60	
1881	1	21	8	0	0	1030.50	
1881	1	22	8	0	0	1026.40	
1881	1	23	8	0	0	1024.00	
1881	1	24	8	0	0	1019.00	
1881	1	25	8	0	0	1011.20	
1881	1	26	8	0	0	1000.70	
1881	1	27	8	0	0	987.80	
1881	1	28	8	0	0	978.70	
1881	1	29	8	0	0	973.20	
1881	1	30	8	0	0	979.00	
1881	1	31	8	0	0	985.40	
1881	2	1	8	0	0	1000.00	
1881	2	2	8	0	0	1006.40	
1881	2	3	8	0	0	1000.00	
1881	2	4	8	0	0	986.80	
1881	2	5	8	0	0	1000.00	
1881	2	6	8	0	0	1013.90	
1881	2	7	8	0	0	994.90	
1881	2	8	8	0	0	976.00	
1881	2	9	8	0	0	1005.40	
1881	2	10	8	0	0	971.20	
1881	2	11	8	0	0	1000.70	
1881	2	12	8	0	0	1010.80	
1881	2	13	8	0	0	1002.70	
1881	2	14	8	0	0	996.30	
1881	2	15	8	0	0	1005.40	
1881	2	16	8	0	0	1005.80	
1881	2	17	8	0	0	1006.80	
1881	2	18	8	0	0	1013.50	
1881	2	19	8	0	0	1021.00	
1881	2	20	8	0	0	1025.40	
1881	2	21	8	0	0	1032.50	
1881	2	22	8	0	0	1034.90	
1881	2	23	8	0	0	1026.10	
1881	2	24	8	0	0	1026.10	
1881	2	25	8	0	0	1016.30	
1881	2	26	8	0	0	1014.20	
1881	2	27	8	0	0	1021.30	
1881	2	28	8	0	0	1015.20	
1881	3	1	8	0	0	1012.90	
1881	3	2	8	0	0	1022.00	
1881	3	3	8	0	0	1016.30	
1881	3	4	8	0	0	1000.00	
1881	3	5	8	0	0	996.60	
1881	3	6	8	0	0	987.10	
1881	3	7	8	0	0	982.40	
1881	3	8	8	0	0	987.10	
1881	3	9	8	0	0	994.90	
1881	3	10	8	0	0	1005.10	
1881	3	11	8	0	0	999.00	
1881	3	12	8	0	0	1012.50	
1881	3	13	8	0	0	1004.10	
1881	3	14	8	0	0	1003.70	
1881	3	15	8	0	0	1019.30	
1881	3	16	8	0	0	1016.60	
1881	3	17	8	0	0	1022.40	
1881	3	18	8	0	0	1008.80	
1881	3	19	8	0	0	1010.80	
1881	3	20	8	0	0	1008.10	
1881	3	21	8	0	0	1001.70	
1881	3	22	8	0	0	1006.80	
1881	3	23	8	0	0	997.30	
1881	3	24	8	0	0	973.90	
1881	3	25	8	0	0	989.50	
1881	3	26	8	0	0	1006.80	
1881	3	27	8	0	0	1006.80	
1881	3	28	8	0	0	1005.10	
1881	3	29	8	0	0	1011.20	
1881	3	30	8	0	0	1019.60	
1881	3	31	8	0	0	1016.30	
1881	4	1	8	0	0	1017.90	
1881	4	2	8	0	0	1025.10	
1881	4	3	8	0	0	1025.70	
1881	4	4	8	0	0	1023.40	
1881	4	5	8	0	0	1016.90	
1881	4	6	8	0	0	1015.20	
1881	4	7	8	0	0	1021.30	
1881	4	8	8	0	0	1022.00	
1881	4	9	8	0	0	1019.60	
1881	4	10	8	0	0	1014.20	
1881	4	11	8	0	0	1009.80	
1881	4	12	8	0	0	1004.70	
1881	4	13	8	0	0	1014.90	
1881	4	14	8	0	0	1014.20	
1881	4	15	8	0	0	1013.90	
1881	4	16	8	0	0	1020.00	
1881	4	17	8	0	0	1024.00	
1881	4	18	8	0	0	1026.40	
1881	4	19	8	0	0	1028.10	
1881	4	20	8	0	0	1019.60	
1881	4	21	8	0	0	1010.50	
1881	4	22	8	0	0	1011.20	
1881	4	23	8	0	0	1009.80	
1881	4	24	8	0	0	1009.10	
1881	4	25	8	0	0	998.60	
1881	4	26	8	0	0	1006.10	
1881	4	27	8	0	0	1015.90	
1881	4	28	8	0	0	1020.00	
1881	4	29	8	0	0	1012.50	
1881	4	30	8	0	0	1006.40	
1881	5	1	8	0	0	999.70	
1881	5	2	8	0	0	1009.10	
1881	5	3	8	0	0	1016.30	
1881	5	4	8	0	0	1006.10	
1881	5	5	8	0	0	1004.70	
1881	5	6	8	0	0	1003.70	
1881	5	7	8	0	0	1022.70	
1881	5	8	8	0	0	1037.60	
1881	5	9	8	0	0	1040.00	
1881	5	10	8	0	0	1039.60	
1881	5	11	8	0	0	1031.50	
1881	5	12	8	0	0	1024.70	
1881	5	13	8	0	0	1011.90	
1881	5	14	8	0	0	1006.40	
1881	5	15	8	0	0	1000.70	
1881	5	16	8	0	0	1002.70	
1881	5	17	8	0	0	1002.70	
1881	5	18	8	0	0	989.20	
1881	5	19	8	0	0	991.90	
1881	5	20	8	0	0	999.30	
1881	5	21	8	0	0	1014.20	
1881	5	22	8	0	0	1023.00	
1881	5	23	8	0	0	1028.80	
1881	5	24	8	0	0	1025.40	
1881	5	25	8	0	0	1019.00	
1881	5	26	8	0	0	1013.50	
1881	5	27	8	0	0	1014.90	
1881	5	28	8	0	0	1014.20	
1881	5	29	8	0	0	1020.70	
1881	5	30	8	0	0	1026.10	
1881	5	31	8	0	0	1026.40	
1881	6	1	8	0	0	1023.40	
1881	6	2	8	0	0	1017.60	
1881	6	3	8	0	0	1015.90	
1881	6	4	8	0	0	1002.00	
1881	6	5	8	0	0	992.20	
1881	6	6	8	0	0	1000.70	
1881	6	7	8	0	0	1008.50	
1881	6	8	8	0	0	1017.60	
1881	6	9	8	0	0	1025.70	
1881	6	10	8	0	0	1019.30	
1881	6	11	8	0	0	1019.30	
1881	6	12	8	0	0	1017.30	
1881	6	13	8	0	0	1019.60	
1881	6	14	8	0	0	1016.90	
1881	6	15	8	0	0	1010.80	
1881	6	16	8	0	0	1012.20	
1881	6	17	8	0	0	1008.80	
1881	6	18	8	0	0	1007.50	
1881	6	19	8	0	0	1006.80	
1881	6	20	8	0	0	998.00	
1881	6	21	8	0	0	990.50	
1881	6	22	8	0	0	988.80	
1881	6	23	8	0	0	1011.20	
1881	6	24	8	0	0	1014.60	
1881	6	25	8	0	0	1001.00	
1881	6	26	8	0	0	1013.50	
1881	6	27	8	0	0	1004.40	
1881	6	28	8	0	0	1007.50	
1881	6	29	8	0	0	1008.10	
1881	6	30	8	0	0	1013.90	
1881	7	1	8	0	0	1003.70	
1881	7	2	8	0	0	1013.50	
1881	7	3	8	0	0	1006.10	
1881	7	4	8	0	0	1007.80	
1881	7	5	8	0	0	1008.80	
1881	7	6	8	0	0	1003.70	
1881	7	7	8	0	0	1008.50	
1881	7	8	8	0	0	1011.20	
1881	7	9	8	0	0	1011.50	
1881	7	10	8	0	0	1011.90	
1881	7	11	8	0	0	1002.40	
1881	7	12	8	0	0	1008.50	
1881	7	13	8	0	0	1007.80	
1881	7	14	8	0	0	1013.20	
1881	7	15	8	0	0	1008.10	
1881	7	16	8	0	0	1017.30	
1881	7	17	8	0	0	1012.90	
1881	7	18	8	0	0	1005.40	
1881	7	19	8	0	0	1006.80	
1881	7	20	8	0	0	1003.00	
1881	7	21	8	0	0	1013.20	
1881	7	22	8	0	0	1003.00	
1881	7	23	8	0	0	1009.50	
1881	7	24	8	0	0	1003.00	
1881	7	25	8	0	0	998.60	
1881	7	26	8	0	0	1005.40	
1881	7	27	8	0	0	1013.50	
1881	7	28	8	0	0	1012.90	
1881	7	29	8	0	0	999.00	
1881	7	30	8	0	0	995.90	
1881	7	31	8	0	0	994.60	
1881	8	1	8	0	0	1002.00	
1881	8	2	8	0	0	1012.90	
1881	8	3	8	0	0	1001.40	
1881	8	4	8	0	0	1015.20	
1881	8	5	8	0	0	1000.70	
1881	8	6	8	0	0	1004.10	
1881	8	7	8	0	0	1004.10	
1881	8	8	8	0	0	1001.40	
1881	8	9	8	0	0	1004.40	
1881	8	10	8	0	0	999.00	
1881	8	11	8	0	0	1005.10	
1881	8	12	8	0	0	1005.40	
1881	8	13	8	0	0	1002.00	
1881	8	14	8	0	0	1008.10	
1881	8	15	8	0	0	1007.10	
1881	8	16	8	0	0	1000.30	
1881	8	17	8	0	0	996.60	
1881	8	18	8	0	0	1000.30	
1881	8	19	8	0	0	1000.30	
1881	8	20	8	0	0	1002.70	
1881	8	21	8	0	0	1007.50	
1881	8	22	8	0	0	1009.10	
1881	8	23	8	0	0	1009.50	
1881	8	24	8	0	0	1006.10	
1881	8	25	8	0	0	1004.10	
1881	8	26	8	0	0	990.50	
1881	8	27	8	0	0	1002.00	
1881	8	28	8	0	0	1009.10	
1881	8	29	8	0	0	1013.90	
1881	8	30	8	0	0	1020.70	
1881	8	31	8	0	0	1027.40	
1881	9	1	8	0	0	1030.80	
1881	9	2	8	0	0	1030.10	
1881	9	3	8	0	0	1025.70	
1881	9	4	8	0	0	1021.00	
1881	9	5	8	0	0	1016.60	
1881	9	6	8	0	0	1000.70	
1881	9	7	8	0	0	996.60	
1881	9	8	8	0	0	1005.10	
1881	9	9	8	0	0	1016.60	
1881	9	10	8	0	0	1024.70	
1881	9	11	8	0	0	1022.40	
1881	9	12	8	0	0	1019.00	
1881	9	13	8	0	0	1015.60	
1881	9	14	8	0	0	1016.30	
1881	9	15	8	0	0	1020.70	
1881	9	16	8	0	0	1018.60	
1881	9	17	8	0	0	1006.80	
1881	9	18	8	0	0	1004.10	
1881	9	19	8	0	0	1005.10	
1881	9	20	8	0	0	1004.70	
1881	9	21	8	0	0	998.60	
1881	9	22	8	0	0	1003.40	
1881	9	23	8	0	0	1016.90	
1881	9	24	8	0	0	1013.90	
1881	9	25	8	0	0	1010.80	
1881	9	26	8	0	0	1007.10	
1881	9	27	8	0	0	1015.90	
1881	9	28	8	0	0	1020.70	
1881	9	29	8	0	0	1013.50	
1881	9	30	8	0	0	1023.40	
1881	10	1	8	0	0	1022.70	
1881	10	2	8	0	0	1022.40	
1881	10	3	8	0	0	1020.70	
1881	10	4	8	0	0	1023.70	
1881	10	5	8	0	0	1027.10	
1881	10	6	8	0	0	1030.10	
1881	10	7	8	0	0	1019.00	
1881	10	8	8	0	0	1022.40	
1881	10	9	8	0	0	1002.70	
1881	10	10	8	0	0	998.60	
1881	10	11	8	0	0	984.10	
1881	10	12	8	0	0	990.20	
1881	10	13	8	0	0	999.30	
1881	10	14	8	0	0	982.10	
1881	10	15	8	0	0	1011.20	
1881	10	16	8	0	0	1025.40	
1881	10	17	8	0	0	1014.60	
1881	10	18	8	0	0	1017.30	
1881	10	19	8	0	0	1020.70	
1881	10	20	8	0	0	1022.70	
1881	10	21	8	0	0	1014.90	
1881	10	22	8	0	0	1010.80	
1881	10	23	8	0	0	1004.70	
1881	10	24	8	0	0	1014.60	
1881	10	25	8	0	0	1018.30	
1881	10	26	8	0	0	1024.40	
1881	10	27	8	0	0	1029.10	
1881	10	28	8	0	0	1026.40	
1881	10	29	8	0	0	1030.10	
1881	10	30	8	0	0	1026.80	
1881	10	31	8	0	0	1017.60	
1881	11	1	8	0	0	999.30	
1881	11	2	8	0	0	1001.70	
1881	11	3	8	0	0	1001.40	
1881	11	4	8	0	0	1000.30	
1881	11	5	8	0	0	1003.70	
1881	11	6	8	0	0	1008.50	
1881	11	7	8	0	0	1015.20	
1881	11	8	8	0	0	1013.50	
1881	11	9	8	0	0	1011.50	
1881	11	10	8	0	0	1006.10	
1881	11	11	8	0	0	1008.80	
1881	11	12	8	0	0	1004.10	
1881	11	13	8	0	0	1017.60	
1881	11	14	8	0	0	1011.90	
1881	11	15	8	0	0	994.60	
1881	11	16	8	0	0	980.00	
1881	11	17	8	0	0	996.60	
1881	11	18	8	0	0	1017.90	
1881	11	19	8	0	0	1004.10	
1881	11	20	8	0	0	996.30	
1881	11	21	8	0	0	979.70	
1881	11	22	8	0	0	959.00	
1881	11	23	8	0	0	989.50	
1881	11	24	8	0	0	986.80	
1881	11	25	8	0	0	990.90	
1881	11	26	8	0	0	983.70	
1881	11	27	8	0	0	945.10	
1881	11	28	8	0	0	968.20	
1881	11	29	8	0	0	1004.10	
1881	11	30	8	0	0	994.20	
1881	12	1	8	0	0	1009.50	
1881	12	2	8	0	0	1003.40	
1881	12	3	8	0	0	1007.10	
1881	12	4	8	0	0	1012.20	
1881	12	6	8	0	0	1005.40	
1881	12	7	8	0	0	981.00	
1881	12	8	8	0	0	999.00	
1881	12	9	8	0	0	998.30	
1881	12	10	8	0	0	1008.50	
1881	12	11	8	0	0	1012.50	
1881	12	12	8	0	0	1020.30	
1881	12	13	8	0	0	1016.90	
1881	12	14	8	0	0	1007.10	
1881	12	15	8	0	0	1010.50	
1881	12	16	8	0	0	996.30	
1881	12	17	8	0	0	973.20	
1881	12	18	8	0	0	968.20	
1881	12	19	8	0	0	982.70	
1881	12	20	8	0	0	979.30	
1881	12	21	8	0	0	991.90	
1881	12	22	8	0	0	1011.20	
1881	12	23	8	0	0	1024.00	
1881	12	24	8	0	0	1006.10	
1881	12	25	8	0	0	1005.10	
1881	12	26	8	0	0	1016.30	
1881	12	27	8	0	0	1019.00	
1881	12	28	8	0	0	1016.90	
1881	12	29	8	0	0	1000.00	
1881	12	30	8	0	0	991.20	
1881	12	31	8	0	0	1003.00	
