SEF	1.0.0						
ID	OCHTERTYRE						
Name	OCHTERTYRE						
Lat	56.3906						
Lon	-3.8826						
Alt	102						
Source	UKMO MIDAS						
Link	NA						
Vbl	p						
Stat	point						
Units	hPa						
Meta	PTC=Y|PGC=?						
Year	Month	Day	Hour	Minute	Period	Value	Meta
1883	1	1	9	0	0	986.4	
1883	1	1	21	0	0	977.6	
1883	1	2	9	0	0	978.7	
1883	1	2	21	0	0	988.5	
1883	1	3	9	0	0	1001.6	
1883	1	3	21	0	0	1007.1	
1883	1	4	9	0	0	1007.1	
1883	1	4	21	0	0	1004.8	
1883	1	5	9	0	0	1001.6	
1883	1	5	21	0	0	1005.9	
1883	1	6	9	0	0	1013.8	
1883	1	6	21	0	0	1016.4	
1883	1	7	9	0	0	1018.4	
1883	1	7	21	0	0	1015.8	
1883	1	8	9	0	0	1013.7	
1883	1	8	21	0	0	1011.8	
1883	1	9	9	0	0	1007.7	
1883	1	9	21	0	0	999.3	
1883	1	10	9	0	0	995.9	
1883	1	10	21	0	0	994.6	
1883	1	11	9	0	0	991.8	
1883	1	11	21	0	0	993.5	
1883	1	12	9	0	0	991.4	
1883	1	12	21	0	0	986.2	
1883	1	13	9	0	0	986.2	
1883	1	13	21	0	0	989.4	
1883	1	14	9	0	0	987.4	
1883	1	14	21	0	0	975.5	
1883	1	15	9	0	0	974.3	
1883	1	15	21	0	0	979.7	
1883	1	16	9	0	0	987.7	
1883	1	16	21	0	0	992.5	
1883	1	17	9	0	0	991.6	
1883	1	17	21	0	0	993.6	
1883	1	18	9	0	0	999.0	
1883	1	18	21	0	0	1001.0	
1883	1	19	9	0	0	1005.9	
1883	1	19	21	0	0	989.6	
1883	1	20	9	0	0	1000.3	
1883	1	20	21	0	0	1011.6	
1883	1	21	9	0	0	1014.9	
1883	1	21	21	0	0	1016.4	
1883	1	22	9	0	0	1018.7	
1883	1	22	21	0	0	1020.4	
1883	1	23	9	0	0	1018.5	
1883	1	23	21	0	0	1008.5	
1883	1	24	9	0	0	990.8	
1883	1	24	21	0	0	978.9	
1883	1	25	9	0	0	982.9	
1883	1	25	21	0	0	971.5	
1883	1	26	9	0	0	960.6	
1883	1	26	21	0	0	971.3	
1883	1	27	9	0	0	976.7	
1883	1	27	21	0	0	976.9	
1883	1	28	9	0	0	988.3	
1883	1	28	21	0	0	979.5	
1883	1	29	9	0	0	969.3	
1883	1	29	21	0	0	975.6	
1883	1	30	9	0	0	974.9	
1883	1	30	21	0	0	986.2	
1883	1	31	9	0	0	987.6	
1883	1	31	21	0	0	990.4	
1883	2	1	9	0	0	983.5	
1883	2	1	21	0	0	981.9	
1883	2	2	9	0	0	971.3	
1883	2	2	21	0	0	964.3	
1883	2	3	9	0	0	980.3	
1883	2	3	21	0	0	987.4	
1883	2	4	9	0	0	996.6	
1883	2	4	21	0	0	1001.6	
1883	2	5	9	0	0	1004.2	
1883	2	5	21	0	0	1004.3	
1883	2	6	9	0	0	1003.2	
1883	2	6	21	0	0	998.0	
1883	2	7	9	0	0	990.2	
1883	2	7	21	0	0	994.8	
1883	2	8	9	0	0	988.6	
1883	2	8	21	0	0	985.6	
1883	2	9	9	0	0	990.3	
1883	2	9	21	0	0	962.7	
1883	2	10	9	0	0	974.4	
1883	2	10	21	0	0	979.6	
1883	2	11	9	0	0	977.2	
1883	2	11	21	0	0	987.4	
1883	2	12	9	0	0	972.7	
1883	2	12	21	0	0	968.3	
1883	2	13	9	0	0	982.7	
1883	2	13	21	0	0	991.9	
1883	2	14	9	0	0	981.5	
1883	2	14	21	0	0	985.8	
1883	2	15	9	0	0	991.6	
1883	2	15	21	0	0	999.6	
1883	2	16	9	0	0	1012.1	
1883	2	16	21	0	0	1011.4	
1883	2	17	9	0	0	1003.7	
1883	2	17	21	0	0	995.7	
1883	2	18	9	0	0	998.8	
1883	2	18	21	0	0	1004.7	
1883	2	19	9	0	0	1007.1	
1883	2	19	21	0	0	1000.8	
1883	2	20	9	0	0	997.9	
1883	2	20	21	0	0	999.5	
1883	2	21	9	0	0	1001.4	
1883	2	21	21	0	0	1000.0	
1883	2	22	9	0	0	1006.1	
1883	2	22	21	0	0	1015.6	
1883	2	23	9	0	0	1021.4	
1883	2	23	21	0	0	1019.8	
1883	2	24	9	0	0	1014.6	
1883	2	24	21	0	0	1019.5	
1883	2	25	9	0	0	1022.9	
1883	2	25	21	0	0	1023.0	
1883	2	26	9	0	0	1018.5	
1883	2	26	21	0	0	1014.0	
1883	2	27	9	0	0	1011.1	
1883	2	27	21	0	0	1016.6	
1883	2	28	9	0	0	1018.5	
1883	2	28	21	0	0	1013.5	
1883	3	1	9	0	0	1019.9	
1883	3	1	21	0	0	1021.5	
1883	3	2	9	0	0	1024.3	
1883	3	2	21	0	0	1025.4	
1883	3	3	9	0	0	1025.9	
1883	3	3	21	0	0	1026.1	
1883	3	4	9	0	0	1026.6	
1883	3	4	21	0	0	1028.0	
1883	3	5	9	0	0	1025.7	
1883	3	5	21	0	0	1019.2	
1883	3	6	9	0	0	1016.3	
1883	3	6	21	0	0	1017.7	
1883	3	7	9	0	0	1011.6	
1883	3	7	21	0	0	1006.5	
1883	3	8	9	0	0	1008.5	
1883	3	8	21	0	0	1011.9	
1883	3	9	9	0	0	1009.6	
1883	3	9	21	0	0	1001.7	
1883	3	10	9	0	0	999.9	
1883	3	10	21	0	0	1000.5	
1883	3	11	9	0	0	998.1	
1883	3	11	21	0	0	998.0	
1883	3	12	9	0	0	1001.7	
1883	3	12	21	0	0	1003.7	
1883	3	13	9	0	0	1001.6	
1883	3	13	21	0	0	996.4	
1883	3	14	9	0	0	997.9	
1883	3	14	21	0	0	998.4	
1883	3	15	9	0	0	995.2	
1883	3	15	21	0	0	992.8	
1883	3	16	9	0	0	984.4	
1883	3	16	21	0	0	985.3	
1883	3	17	9	0	0	983.2	
1883	3	17	21	0	0	988.4	
1883	3	18	9	0	0	986.7	
1883	3	18	21	0	0	994.3	
1883	3	19	9	0	0	1000.0	
1883	3	19	21	0	0	1001.9	
1883	3	20	9	0	0	1000.6	
1883	3	20	21	0	0	998.4	
1883	3	21	9	0	0	999.6	
1883	3	21	21	0	0	1008.6	
1883	3	22	9	0	0	1017.1	
1883	3	22	21	0	0	1020.5	
1883	3	23	9	0	0	1017.5	
1883	3	23	21	0	0	1007.5	
1883	3	24	9	0	0	998.8	
1883	3	24	21	0	0	1001.6	
1883	3	25	9	0	0	986.4	
1883	3	25	21	0	0	979.2	
1883	3	26	9	0	0	976.7	
1883	3	26	21	0	0	981.4	
1883	3	27	9	0	0	989.2	
1883	3	27	21	0	0	996.6	
1883	3	28	9	0	0	1004.8	
1883	3	28	21	0	0	1004.3	
1883	3	29	9	0	0	995.6	
1883	3	29	21	0	0	978.5	
1883	3	30	9	0	0	966.6	
1883	3	30	21	0	0	981.0	
1883	3	31	9	0	0	989.7	
1883	3	31	21	0	0	1002.6	
1883	4	1	9	0	0	1009.1	
1883	4	1	21	0	0	1007.6	
1883	4	2	9	0	0	1001.3	
1883	4	2	21	0	0	999.2	
1883	4	3	9	0	0	1009.2	
1883	4	3	21	0	0	1011.1	
1883	4	4	9	0	0	1007.2	
1883	4	4	21	0	0	1007.5	
1883	4	5	9	0	0	1007.2	
1883	4	5	21	0	0	1017.7	
1883	4	6	9	0	0	1023.3	
1883	4	6	21	0	0	1025.1	
1883	4	7	9	0	0	1023.2	
1883	4	7	21	0	0	1022.0	
1883	4	8	9	0	0	1020.9	
1883	4	8	21	0	0	1019.2	
1883	4	9	9	0	0	1017.7	
1883	4	9	21	0	0	1018.3	
1883	4	10	9	0	0	1019.2	
1883	4	10	21	0	0	1015.1	
1883	4	11	9	0	0	1014.8	
1883	4	11	21	0	0	1014.3	
1883	4	12	9	0	0	1010.7	
1883	4	12	21	0	0	1003.2	
1883	4	13	9	0	0	995.4	
1883	4	13	21	0	0	996.5	
1883	4	14	9	0	0	997.1	
1883	4	14	21	0	0	992.6	
1883	4	15	9	0	0	987.1	
1883	4	15	21	0	0	990.6	
1883	4	16	9	0	0	991.9	
1883	4	16	21	0	0	995.9	
1883	4	17	9	0	0	992.9	
1883	4	17	21	0	0	985.6	
1883	4	18	9	0	0	979.3	
1883	4	18	21	0	0	982.8	
1883	4	19	9	0	0	990.8	
1883	4	19	21	0	0	997.5	
1883	4	20	9	0	0	1005.8	
1883	4	20	21	0	0	1014.1	
1883	4	21	9	0	0	1017.1	
1883	4	21	21	0	0	1016.6	
1883	4	22	9	0	0	1017.4	
1883	4	22	21	0	0	1016.3	
1883	4	23	9	0	0	1009.8	
1883	4	23	21	0	0	1003.6	
1883	4	24	9	0	0	997.4	
1883	4	24	21	0	0	996.6	
1883	4	25	9	0	0	990.3	
1883	4	25	21	0	0	989.0	
1883	4	26	9	0	0	992.8	
1883	4	26	21	0	0	993.3	
1883	4	27	9	0	0	992.1	
1883	4	27	21	0	0	989.7	
1883	4	28	9	0	0	988.5	
1883	4	28	21	0	0	989.6	
1883	4	29	9	0	0	991.8	
1883	4	29	21	0	0	995.0	
1883	4	30	9	0	0	996.1	
1883	4	30	21	0	0	1001.5	
1883	5	1	9	0	0	1004.1	
1883	5	1	21	0	0	1005.9	
1883	5	2	9	0	0	1005.8	
1883	5	2	21	0	0	1001.9	
1883	5	3	9	0	0	1001.5	
1883	5	3	21	0	0	1004.1	
1883	5	4	9	0	0	1004.3	
1883	5	4	21	0	0	1006.0	
1883	5	5	9	0	0	1004.8	
1883	5	5	21	0	0	1006.8	
1883	5	6	9	0	0	1007.7	
1883	5	6	21	0	0	1004.1	
1883	5	7	9	0	0	998.4	
1883	5	7	21	0	0	998.3	
1883	5	8	9	0	0	997.4	
1883	5	8	21	0	0	995.5	
1883	5	9	9	0	0	993.2	
1883	5	9	21	0	0	995.1	
1883	5	10	9	0	0	990.2	
1883	5	10	21	0	0	986.4	
1883	5	11	9	0	0	986.1	
1883	5	11	21	0	0	992.2	
1883	5	12	9	0	0	985.3	
1883	5	12	21	0	0	986.6	
1883	5	13	9	0	0	988.6	
1883	5	13	21	0	0	990.4	
1883	5	14	9	0	0	993.4	
1883	5	14	21	0	0	997.5	
1883	5	15	9	0	0	1004.8	
1883	5	15	21	0	0	1011.3	
1883	5	16	9	0	0	1015.7	
1883	5	16	21	0	0	1017.1	
1883	5	17	9	0	0	1015.7	
1883	5	17	21	0	0	1014.1	
1883	5	18	9	0	0	1009.4	
1883	5	18	21	0	0	1000.4	
1883	5	19	9	0	0	1002.7	
1883	5	19	21	0	0	1002.9	
1883	5	20	9	0	0	1005.4	
1883	5	20	21	0	0	1005.8	
1883	5	21	9	0	0	1006.1	
1883	5	21	21	0	0	1005.6	
1883	5	22	9	0	0	1003.5	
1883	5	22	21	0	0	1004.1	
1883	5	23	9	0	0	1001.8	
1883	5	23	21	0	0	1001.3	
1883	5	24	9	0	0	1000.1	
1883	5	24	21	0	0	998.5	
1883	5	25	9	0	0	995.2	
1883	5	25	21	0	0	991.2	
1883	5	26	9	0	0	992.1	
1883	5	26	21	0	0	996.1	
1883	5	27	9	0	0	1000.1	
1883	5	27	21	0	0	998.5	
1883	5	28	9	0	0	992.9	
1883	5	28	21	0	0	993.5	
1883	5	29	9	0	0	993.6	
1883	5	29	21	0	0	997.9	
1883	5	30	9	0	0	1005.4	
1883	5	30	21	0	0	1008.6	
1883	5	31	9	0	0	1005.9	
1883	5	31	21	0	0	1003.6	
1883	6	1	9	0	0	999.3	
1883	6	1	21	0	0	999.9	
1883	6	2	9	0	0	1005.5	
1883	6	2	21	0	0	1012.6	
1883	6	3	9	0	0	1014.1	
1883	6	3	21	0	0	1012.9	
1883	6	4	9	0	0	1011.3	
1883	6	4	21	0	0	1008.4	
1883	6	5	9	0	0	1008.0	
1883	6	5	21	0	0	1004.9	
1883	6	6	9	0	0	1002.2	
1883	6	6	21	0	0	1002.3	
1883	6	7	9	0	0	998.0	
1883	6	7	21	0	0	995.7	
1883	6	8	9	0	0	993.8	
1883	6	8	21	0	0	995.8	
1883	6	9	9	0	0	998.2	
1883	6	9	21	0	0	1003.4	
1883	6	10	9	0	0	1005.8	
1883	6	10	21	0	0	1007.4	
1883	6	11	9	0	0	1010.1	
1883	6	11	21	0	0	1010.6	
1883	6	12	9	0	0	1009.3	
1883	6	12	21	0	0	1012.2	
1883	6	13	9	0	0	1014.1	
1883	6	13	21	0	0	1013.2	
1883	6	14	9	0	0	1009.9	
1883	6	14	21	0	0	1006.0	
1883	6	15	9	0	0	1001.7	
1883	6	15	21	0	0	1000.7	
1883	6	16	9	0	0	999.2	
1883	6	16	21	0	0	998.5	
1883	6	17	9	0	0	997.6	
1883	6	17	21	0	0	998.9	
1883	6	18	9	0	0	1000.9	
1883	6	18	21	0	0	1001.2	
1883	6	19	9	0	0	998.7	
1883	6	19	21	0	0	998.1	
1883	6	20	9	0	0	1004.2	
1883	6	20	21	0	0	1007.8	
1883	6	21	9	0	0	1006.8	
1883	6	21	21	0	0	1003.5	
1883	6	22	9	0	0	1000.0	
1883	6	22	21	0	0	996.4	
1883	6	23	9	0	0	999.6	
1883	6	23	21	0	0	998.6	
1883	6	24	9	0	0	999.2	
1883	6	24	21	0	0	997.4	
1883	6	25	9	0	0	998.3	
1883	6	25	21	0	0	996.5	
1883	6	26	9	0	0	987.2	
1883	6	26	21	0	0	984.8	
1883	6	27	9	0	0	991.2	
1883	6	27	21	0	0	990.8	
1883	6	28	9	0	0	991.6	
1883	6	28	21	0	0	995.9	
1883	6	29	9	0	0	999.2	
1883	6	29	21	0	0	1000.2	
1883	6	30	9	0	0	1003.0	
1883	6	30	21	0	0	1002.8	
1883	7	1	9	0	0	1002.3	
1883	7	1	21	0	0	1002.1	
1883	7	2	9	0	0	1002.9	
1883	7	2	21	0	0	1001.7	
1883	7	3	9	0	0	999.8	
1883	7	3	21	0	0	999.7	
1883	7	4	9	0	0	996.7	
1883	7	4	21	0	0	993.4	
1883	7	5	9	0	0	994.2	
1883	7	5	21	0	0	995.1	
1883	7	6	9	0	0	994.7	
1883	7	6	21	0	0	992.9	
1883	7	7	9	0	0	991.6	
1883	7	7	21	0	0	993.5	
1883	7	8	9	0	0	993.4	
1883	7	8	21	0	0	994.4	
1883	7	9	9	0	0	991.4	
1883	7	9	21	0	0	994.5	
1883	7	10	9	0	0	994.8	
1883	7	10	21	0	0	992.0	
1883	7	11	9	0	0	984.5	
1883	7	11	21	0	0	978.3	
1883	7	12	9	0	0	976.6	
1883	7	12	21	0	0	977.9	
1883	7	13	9	0	0	985.6	
1883	7	13	21	0	0	992.0	
1883	7	14	9	0	0	994.2	
1883	7	14	21	0	0	996.1	
1883	7	15	9	0	0	997.6	
1883	7	15	21	0	0	999.0	
1883	7	16	9	0	0	1001.7	
1883	7	16	21	0	0	1000.3	
1883	7	17	9	0	0	994.9	
1883	7	17	21	0	0	998.2	
1883	7	18	9	0	0	999.9	
1883	7	18	21	0	0	997.3	
1883	7	19	9	0	0	995.2	
1883	7	19	21	0	0	994.9	
1883	7	20	9	0	0	994.4	
1883	7	20	21	0	0	993.2	
1883	7	21	9	0	0	992.7	
1883	7	21	21	0	0	993.4	
1883	7	22	9	0	0	993.3	
1883	7	22	21	0	0	992.3	
1883	7	23	9	0	0	990.6	
1883	7	23	21	0	0	992.1	
1883	7	24	9	0	0	994.0	
1883	7	24	21	0	0	996.2	
1883	7	25	9	0	0	998.1	
1883	7	25	21	0	0	1003.7	
1883	7	26	9	0	0	1007.8	
1883	7	26	21	0	0	1011.5	
1883	7	27	9	0	0	1013.0	
1883	7	27	21	0	0	1011.8	
1883	7	28	9	0	0	1008.6	
1883	7	28	21	0	0	1004.2	
1883	7	29	9	0	0	998.8	
1883	7	29	21	0	0	992.3	
1883	7	30	9	0	0	991.5	
1883	7	30	21	0	0	991.3	
1883	7	31	9	0	0	992.1	
1883	7	31	21	0	0	994.6	
1883	8	1	9	0	0	998.5	
1883	8	1	21	0	0	1002.7	
1883	8	2	9	0	0	1006.3	
1883	8	2	21	0	0	1009.0	
1883	8	3	9	0	0	1011.3	
1883	8	3	21	0	0	1009.7	
1883	8	4	9	0	0	1006.8	
1883	8	4	21	0	0	1004.1	
1883	8	5	9	0	0	1004.1	
1883	8	5	21	0	0	1003.6	
1883	8	6	9	0	0	1001.1	
1883	8	6	21	0	0	998.4	
1883	8	7	9	0	0	998.6	
1883	8	7	21	0	0	998.9	
1883	8	8	9	0	0	981.2	
1883	8	8	21	0	0	979.2	
1883	8	9	9	0	0	972.8	
1883	8	9	21	0	0	970.8	
1883	8	10	9	0	0	975.1	
1883	8	10	21	0	0	984.8	
1883	8	11	9	0	0	992.5	
1883	8	11	21	0	0	999.9	
1883	8	12	9	0	0	1004.0	
1883	8	12	21	0	0	1004.0	
1883	8	13	9	0	0	996.1	
1883	8	13	21	0	0	988.0	
1883	8	14	9	0	0	986.3	
1883	8	14	21	0	0	980.6	
1883	8	15	9	0	0	982.0	
1883	8	15	21	0	0	994.1	
1883	8	16	9	0	0	1000.9	
1883	8	16	21	0	0	1003.0	
1883	8	17	9	0	0	997.8	
1883	8	17	21	0	0	999.5	
1883	8	18	9	0	0	1003.5	
1883	8	18	21	0	0	1004.8	
1883	8	19	9	0	0	1009.9	
1883	8	19	21	0	0	1010.1	
1883	8	20	9	0	0	1004.1	
1883	8	20	21	0	0	1001.4	
1883	8	21	9	0	0	1007.6	
1883	8	21	21	0	0	1009.5	
1883	8	22	9	0	0	1009.0	
1883	8	22	21	0	0	1010.8	
1883	8	23	9	0	0	1011.6	
1883	8	23	21	0	0	1011.9	
1883	8	24	9	0	0	1010.3	
1883	8	24	21	0	0	1010.1	
1883	8	25	9	0	0	1007.2	
1883	8	25	21	0	0	1004.5	
1883	8	26	9	0	0	1001.3	
1883	8	26	21	0	0	999.5	
1883	8	27	9	0	0	993.6	
1883	8	27	21	0	0	996.1	
1883	8	28	9	0	0	998.0	
1883	8	28	21	0	0	987.9	
1883	8	29	9	0	0	994.6	
1883	8	29	21	0	0	996.8	
1883	8	30	9	0	0	991.5	
1883	8	30	21	0	0	988.5	
1883	8	31	9	0	0	989.8	
1883	8	31	21	0	0	987.6	
1883	9	1	9	0	0	985.0	
1883	9	1	21	0	0	978.1	
1883	9	2	9	0	0	967.9	
1883	9	2	21	0	0	966.7	
1883	9	3	9	0	0	971.7	
1883	9	3	21	0	0	980.1	
1883	9	4	9	0	0	987.0	
1883	9	4	21	0	0	992.7	
1883	9	5	9	0	0	1000.0	
1883	9	5	21	0	0	1002.0	
1883	9	6	9	0	0	988.8	
1883	9	6	21	0	0	988.0	
1883	9	7	9	0	0	984.9	
1883	9	7	21	0	0	990.6	
1883	9	8	9	0	0	994.4	
1883	9	8	21	0	0	1003.6	
1883	9	9	9	0	0	1003.9	
1883	9	9	21	0	0	1001.7	
1883	9	10	9	0	0	997.7	
1883	9	10	21	0	0	1001.6	
1883	9	11	9	0	0	1010.1	
1883	9	11	21	0	0	1013.5	
1883	9	12	9	0	0	1013.1	
1883	9	12	21	0	0	1012.4	
1883	9	13	9	0	0	1013.9	
1883	9	13	21	0	0	1014.5	
1883	9	14	9	0	0	1013.5	
1883	9	14	21	0	0	1010.9	
1883	9	15	9	0	0	1006.0	
1883	9	15	21	0	0	1004.1	
1883	9	16	9	0	0	1006.4	
1883	9	16	21	0	0	1008.8	
1883	9	17	9	0	0	1009.3	
1883	9	17	21	0	0	1009.7	
1883	9	18	9	0	0	1011.0	
1883	9	18	21	0	0	1011.0	
1883	9	19	9	0	0	1007.9	
1883	9	19	21	0	0	1002.6	
1883	9	20	9	0	0	1000.8	
1883	9	20	21	0	0	1000.5	
1883	9	21	9	0	0	998.6	
1883	9	21	21	0	0	997.8	
1883	9	22	9	0	0	995.6	
1883	9	22	21	0	0	1000.6	
1883	9	23	9	0	0	1004.5	
1883	9	23	21	0	0	1001.5	
1883	9	24	9	0	0	989.9	
1883	9	24	21	0	0	984.8	
1883	9	25	9	0	0	986.5	
1883	9	25	21	0	0	992.6	
1883	9	26	9	0	0	982.7	
1883	9	26	21	0	0	972.3	
1883	9	27	9	0	0	976.7	
1883	9	27	21	0	0	983.1	
1883	9	28	9	0	0	985.8	
1883	9	28	21	0	0	981.6	
1883	9	29	9	0	0	983.2	
1883	9	29	21	0	0	990.5	
1883	9	30	9	0	0	994.1	
1883	9	30	21	0	0	998.5	
1883	10	1	9	0	0	1001.6	
1883	10	1	21	0	0	1004.3	
1883	10	2	9	0	0	1003.1	
1883	10	2	21	0	0	996.7	
1883	10	3	9	0	0	988.5	
1883	10	3	21	0	0	993.2	
1883	10	4	9	0	0	1000.4	
1883	10	4	21	0	0	1005.7	
1883	10	5	9	0	0	1006.6	
1883	10	5	21	0	0	1008.2	
1883	10	6	9	0	0	1014.3	
1883	10	6	21	0	0	1014.0	
1883	10	7	9	0	0	1011.7	
1883	10	7	21	0	0	1015.1	
1883	10	8	9	0	0	1017.7	
1883	10	8	21	0	0	1015.3	
1883	10	9	9	0	0	1008.0	
1883	10	9	21	0	0	1008.4	
1883	10	10	9	0	0	1007.1	
1883	10	10	21	0	0	1002.0	
1883	10	11	9	0	0	1000.2	
1883	10	11	21	0	0	1004.2	
1883	10	12	9	0	0	1006.3	
1883	10	12	21	0	0	1003.0	
1883	10	13	9	0	0	997.1	
1883	10	13	21	0	0	994.0	
1883	10	14	9	0	0	989.9	
1883	10	14	21	0	0	986.7	
1883	10	15	9	0	0	987.3	
1883	10	15	21	0	0	977.8	
1883	10	16	9	0	0	965.0	
1883	10	16	21	0	0	968.4	
1883	10	17	9	0	0	970.1	
1883	10	17	21	0	0	975.2	
1883	10	18	9	0	0	983.6	
1883	10	18	21	0	0	989.9	
1883	10	19	9	0	0	987.3	
1883	10	19	21	0	0	984.0	
1883	10	20	9	0	0	982.7	
1883	10	20	21	0	0	986.4	
1883	10	21	9	0	0	994.2	
1883	10	21	21	0	0	1001.0	
1883	10	22	9	0	0	999.2	
1883	10	22	21	0	0	985.8	
1883	10	23	9	0	0	982.5	
1883	10	23	21	0	0	982.0	
1883	10	24	9	0	0	986.4	
1883	10	24	21	0	0	979.8	
1883	10	25	9	0	0	979.9	
1883	10	25	21	0	0	992.4	
1883	10	26	9	0	0	1000.2	
1883	10	26	21	0	0	994.5	
1883	10	27	9	0	0	997.6	
1883	10	27	21	0	0	1007.0	
1883	10	28	9	0	0	1009.9	
1883	10	28	21	0	0	1014.2	
1883	10	29	9	0	0	1014.4	
1883	10	29	21	0	0	1016.1	
1883	10	30	9	0	0	1017.6	
1883	10	30	21	0	0	1017.0	
1883	10	31	9	0	0	1013.1	
1883	10	31	21	0	0	1010.4	
1883	11	1	9	0	0	1005.0	
1883	11	1	21	0	0	1005.0	
1883	11	2	9	0	0	999.3	
1883	11	2	21	0	0	993.8	
1883	11	3	9	0	0	993.0	
1883	11	3	21	0	0	991.9	
1883	11	4	9	0	0	972.2	
1883	11	4	21	0	0	968.4	
1883	11	5	9	0	0	971.8	
1883	11	5	21	0	0	971.5	
1883	11	6	9	0	0	970.0	
1883	11	6	21	0	0	976.8	
1883	11	7	9	0	0	979.9	
1883	11	7	21	0	0	976.5	
1883	11	8	9	0	0	980.0	
1883	11	8	21	0	0	975.6	
1883	11	9	9	0	0	974.7	
1883	11	9	21	0	0	981.7	
1883	11	10	9	0	0	971.6	
1883	11	10	21	0	0	983.1	
1883	11	11	9	0	0	988.3	
1883	11	11	21	0	0	988.5	
1883	11	12	9	0	0	992.1	
1883	11	12	21	0	0	998.0	
1883	11	13	9	0	0	1002.5	
1883	11	13	21	0	0	1005.7	
1883	11	14	9	0	0	1006.1	
1883	11	14	21	0	0	1007.1	
1883	11	15	9	0	0	997.4	
1883	11	15	21	0	0	988.8	
1883	11	16	9	0	0	985.8	
1883	11	16	21	0	0	984.8	
1883	11	17	9	0	0	977.0	
1883	11	17	21	0	0	985.7	
1883	11	18	9	0	0	989.0	
1883	11	18	21	0	0	982.6	
1883	11	19	9	0	0	979.5	
1883	11	19	21	0	0	979.1	
1883	11	20	9	0	0	977.2	
1883	11	20	21	0	0	985.0	
1883	11	21	9	0	0	977.3	
1883	11	21	21	0	0	979.5	
1883	11	22	9	0	0	974.8	
1883	11	22	21	0	0	976.4	
1883	11	23	9	0	0	981.0	
1883	11	23	21	0	0	977.4	
1883	11	24	9	0	0	965.1	
1883	11	24	21	0	0	963.7	
1883	11	25	9	0	0	948.6	
1883	11	25	21	0	0	952.8	
1883	11	26	9	0	0	956.2	
1883	11	26	21	0	0	965.0	
1883	11	27	9	0	0	981.6	
1883	11	27	21	0	0	987.9	
1883	11	28	9	0	0	990.8	
1883	11	28	21	0	0	995.3	
1883	11	29	9	0	0	998.4	
1883	11	29	21	0	0	994.8	
1883	11	30	9	0	0	999.6	
1883	11	30	21	0	0	1002.7	
1883	12	1	9	0	0	1015.6	
1883	12	1	21	0	0	1010.4	
1883	12	2	9	0	0	1007.9	
1883	12	2	21	0	0	1001.8	
1883	12	3	9	0	0	991.7	
1883	12	3	21	0	0	987.7	
1883	12	4	9	0	0	997.9	
1883	12	4	21	0	0	1008.1	
1883	12	5	9	0	0	1011.7	
1883	12	5	21	0	0	1011.6	
1883	12	6	9	0	0	1016.6	
1883	12	6	21	0	0	1023.4	
1883	12	7	9	0	0	1023.5	
1883	12	7	21	0	0	1019.4	
1883	12	8	9	0	0	1014.6	
1883	12	8	21	0	0	1009.0	
1883	12	9	9	0	0	1000.7	
1883	12	9	21	0	0	1000.3	
1883	12	10	9	0	0	989.6	
1883	12	10	21	0	0	976.9	
1883	12	11	9	0	0	982.9	
1883	12	11	21	0	0	962.8	
1883	12	12	9	0	0	985.6	
1883	12	12	21	0	0	996.1	
1883	12	13	9	0	0	981.0	
1883	12	13	21	0	0	982.5	
1883	12	14	9	0	0	979.3	
1883	12	14	21	0	0	977.1	
1883	12	15	9	0	0	984.3	
1883	12	15	21	0	0	985.0	
1883	12	16	9	0	0	1000.0	
1883	12	16	21	0	0	1015.2	
1883	12	17	9	0	0	1021.9	
1883	12	17	21	0	0	1018.6	
1883	12	18	9	0	0	1011.3	
1883	12	18	21	0	0	1009.9	
1883	12	19	9	0	0	1009.4	
1883	12	19	21	0	0	1000.6	
1883	12	20	9	0	0	995.2	
1883	12	20	21	0	0	992.9	
1883	12	21	9	0	0	986.1	
1883	12	21	21	0	0	984.4	
1883	12	22	9	0	0	984.1	
1883	12	22	21	0	0	986.2	
1883	12	23	9	0	0	1005.6	
1883	12	23	21	0	0	1011.5	
1883	12	24	9	0	0	1009.4	
1883	12	24	21	0	0	1014.4	
1883	12	25	9	0	0	1018.5	
1883	12	25	21	0	0	1018.9	
1883	12	26	9	0	0	1018.6	
1883	12	26	21	0	0	1018.6	
1883	12	27	9	0	0	1016.6	
1883	12	27	21	0	0	1012.2	
1883	12	28	9	0	0	1009.9	
1883	12	28	21	0	0	1009.1	
1883	12	29	9	0	0	1007.6	
1883	12	29	21	0	0	1007.8	
1883	12	30	9	0	0	1018.5	
1883	12	30	21	0	0	1022.8	
1883	12	31	9	0	0	1024.0	
1883	12	31	21	0	0	1026.9	
1884	1	1	9	0	0	1019.3	
1884	1	1	21	0	0	1013.4	
1884	1	2	9	0	0	1006.9	
1884	1	2	21	0	0	1004.1	
1884	1	3	9	0	0	1002.2	
1884	1	3	21	0	0	1005.5	
1884	1	4	9	0	0	1006.8	
1884	1	4	21	0	0	1005.9	
1884	1	5	9	0	0	994.4	
1884	1	5	21	0	0	981.1	
1884	1	6	9	0	0	979.9	
1884	1	6	21	0	0	987.5	
1884	1	7	9	0	0	993.1	
1884	1	7	21	0	0	1000.8	
1884	1	8	9	0	0	996.3	
1884	1	8	21	0	0	997.6	
1884	1	9	9	0	0	995.0	
1884	1	9	21	0	0	1002.7	
1884	1	10	9	0	0	999.9	
1884	1	10	21	0	0	996.6	
1884	1	11	9	0	0	990.6	
1884	1	11	21	0	0	1007.6	
1884	1	12	9	0	0	1013.3	
1884	1	12	21	0	0	1013.8	
1884	1	13	9	0	0	1012.8	
1884	1	13	21	0	0	1009.1	
1884	1	14	9	0	0	1008.6	
1884	1	14	21	0	0	1015.0	
1884	1	15	9	0	0	1019.0	
1884	1	15	21	0	0	1021.1	
1884	1	16	9	0	0	1021.2	
1884	1	16	21	0	0	1020.2	
1884	1	17	9	0	0	1018.7	
1884	1	17	21	0	0	1017.4	
1884	1	18	9	0	0	1016.7	
1884	1	18	21	0	0	1013.9	
1884	1	19	9	0	0	1012.8	
1884	1	19	21	0	0	1010.5	
1884	1	20	9	0	0	1005.1	
1884	1	20	21	0	0	999.3	
1884	1	21	9	0	0	1010.0	
1884	1	21	21	0	0	998.9	
1884	1	22	9	0	0	992.9	
1884	1	22	21	0	0	988.2	
1884	1	23	9	0	0	982.1	
1884	1	23	21	0	0	968.7	
1884	1	24	9	0	0	986.1	
1884	1	24	21	0	0	982.0	
1884	1	25	9	0	0	971.1	
1884	1	25	21	0	0	971.6	
1884	1	26	9	0	0	965.7	
1884	1	26	21	0	0	915.4	
1884	1	27	9	0	0	943.3	
1884	1	27	21	0	0	955.2	
1884	1	28	9	0	0	975.4	
1884	1	28	21	0	0	987.9	
1884	1	29	9	0	0	988.0	
1884	1	29	21	0	0	981.5	
1884	1	30	9	0	0	978.1	
1884	1	30	21	0	0	986.9	
1884	1	31	9	0	0	989.9	
1884	1	31	21	0	0	982.0	
1884	2	1	9	0	0	981.9	
1884	2	1	21	0	0	996.6	
1884	2	2	9	0	0	1009.8	
1884	2	2	21	0	0	1010.1	
1884	2	3	9	0	0	1003.0	
1884	2	3	21	0	0	1002.1	
1884	2	4	9	0	0	1006.9	
1884	2	4	21	0	0	1005.2	
1884	2	5	9	0	0	1005.8	
1884	2	5	21	0	0	1004.7	
1884	2	6	9	0	0	1003.2	
1884	2	6	21	0	0	997.8	
1884	2	7	9	0	0	1004.7	
1884	2	7	21	0	0	1006.6	
1884	2	8	9	0	0	998.2	
1884	2	8	21	0	0	985.8	
1884	2	9	9	0	0	970.8	
1884	2	9	21	0	0	962.4	
1884	2	10	9	0	0	965.1	
1884	2	10	21	0	0	967.9	
1884	2	11	9	0	0	976.3	
1884	2	11	21	0	0	984.3	
1884	2	12	9	0	0	981.4	
1884	2	12	21	0	0	983.7	
1884	2	13	9	0	0	989.2	
1884	2	13	21	0	0	999.6	
1884	2	14	9	0	0	999.6	
1884	2	14	21	0	0	1013.4	
1884	2	15	9	0	0	1012.2	
1884	2	15	21	0	0	1013.5	
1884	2	16	9	0	0	1012.1	
1884	2	16	21	0	0	1007.1	
1884	2	17	9	0	0	1003.9	
1884	2	17	21	0	0	1001.6	
1884	2	18	9	0	0	999.0	
1884	2	18	21	0	0	997.4	
1884	2	19	9	0	0	994.9	
1884	2	19	21	0	0	989.7	
1884	2	20	9	0	0	986.5	
1884	2	20	21	0	0	978.7	
1884	2	21	9	0	0	982.1	
1884	2	21	21	0	0	983.5	
1884	2	22	9	0	0	980.6	
1884	2	22	21	0	0	983.3	
1884	2	23	9	0	0	979.5	
1884	2	23	21	0	0	978.9	
1884	2	24	9	0	0	988.2	
1884	2	24	21	0	0	992.9	
1884	2	25	9	0	0	995.6	
1884	2	25	21	0	0	999.4	
1884	2	26	9	0	0	1002.0	
1884	2	26	21	0	0	1004.2	
1884	2	27	9	0	0	1004.1	
1884	2	27	21	0	0	1005.6	
1884	2	28	9	0	0	1006.3	
1884	2	28	21	0	0	1003.9	
1884	2	29	9	0	0	1002.2	
1884	2	29	21	0	0	1003.6	
1884	3	1	9	0	0	1003.1	
1884	3	1	21	0	0	1006.6	
1884	3	2	9	0	0	1006.5	
1884	3	2	21	0	0	1004.5	
1884	3	3	9	0	0	993.1	
1884	3	3	21	0	0	986.5	
1884	3	4	9	0	0	993.9	
1884	3	4	21	0	0	991.7	
1884	3	5	9	0	0	998.3	
1884	3	5	21	0	0	1006.0	
1884	3	6	9	0	0	1004.6	
1884	3	6	21	0	0	1000.3	
1884	3	7	9	0	0	993.8	
1884	3	7	21	0	0	995.1	
1884	3	8	9	0	0	991.8	
1884	3	8	21	0	0	987.8	
1884	3	9	9	0	0	981.1	
1884	3	9	21	0	0	978.0	
1884	3	10	9	0	0	971.1	
1884	3	10	21	0	0	976.6	
1884	3	11	9	0	0	982.4	
1884	3	11	21	0	0	984.5	
1884	3	12	9	0	0	986.8	
1884	3	12	21	0	0	988.7	
1884	3	13	9	0	0	992.6	
1884	3	13	21	0	0	990.9	
1884	3	14	9	0	0	993.5	
1884	3	14	21	0	0	994.3	
1884	3	15	9	0	0	997.7	
1884	3	15	21	0	0	1001.8	
1884	3	16	9	0	0	1002.5	
1884	3	16	21	0	0	1001.1	
1884	3	17	9	0	0	1000.3	
1884	3	17	21	0	0	997.7	
1884	3	18	9	0	0	994.3	
1884	3	18	21	0	0	991.6	
1884	3	19	9	0	0	995.9	
1884	3	19	21	0	0	988.5	
1884	3	20	9	0	0	972.9	
1884	3	20	21	0	0	988.5	
1884	3	21	9	0	0	997.9	
1884	3	21	21	0	0	1002.2	
1884	3	22	9	0	0	999.6	
1884	3	22	21	0	0	1001.6	
1884	3	23	9	0	0	1004.8	
1884	3	23	21	0	0	1007.4	
1884	3	24	9	0	0	1008.0	
1884	3	24	21	0	0	1006.2	
1884	3	25	9	0	0	1007.6	
1884	3	25	21	0	0	1009.7	
1884	3	26	9	0	0	1012.7	
1884	3	26	21	0	0	1014.6	
1884	3	27	9	0	0	1014.4	
1884	3	27	21	0	0	1011.5	
1884	3	28	9	0	0	1009.9	
1884	3	28	21	0	0	1008.5	
1884	3	29	9	0	0	1007.2	
1884	3	29	21	0	0	1002.6	
1884	3	30	9	0	0	996.5	
1884	3	30	21	0	0	990.7	
1884	3	31	9	0	0	984.0	
1884	3	31	21	0	0	984.6	
1884	4	1	9	0	0	983.6	
1884	4	1	21	0	0	986.0	
1884	4	2	9	0	0	989.6	
1884	4	2	21	0	0	988.9	
1884	4	3	9	0	0	989.1	
1884	4	3	21	0	0	986.8	
1884	4	4	9	0	0	983.8	
1884	4	4	21	0	0	983.9	
1884	4	5	9	0	0	976.3	
1884	4	5	21	0	0	978.4	
1884	4	6	9	0	0	979.1	
1884	4	6	21	0	0	990.2	
1884	4	7	9	0	0	990.8	
1884	4	7	21	0	0	992.2	
1884	4	8	9	0	0	998.8	
1884	4	8	21	0	0	1004.3	
1884	4	9	9	0	0	1005.7	
1884	4	9	21	0	0	1006.3	
1884	4	10	9	0	0	1006.9	
1884	4	10	21	0	0	1005.6	
1884	4	11	9	0	0	1005.4	
1884	4	11	21	0	0	1007.0	
1884	4	12	9	0	0	1007.3	
1884	4	12	21	0	0	1008.7	
1884	4	13	9	0	0	1010.6	
1884	4	13	21	0	0	1012.6	
1884	4	14	9	0	0	1012.5	
1884	4	14	21	0	0	1011.2	
1884	4	15	9	0	0	1006.6	
1884	4	15	21	0	0	1002.3	
1884	4	16	9	0	0	1000.8	
1884	4	16	21	0	0	1005.9	
1884	4	17	9	0	0	1010.4	
1884	4	17	21	0	0	1014.1	
1884	4	18	9	0	0	1007.0	
1884	4	18	21	0	0	1000.9	
1884	4	19	9	0	0	1000.1	
1884	4	19	21	0	0	1002.0	
1884	4	20	9	0	0	1003.7	
1884	4	20	21	0	0	1004.7	
1884	4	21	9	0	0	1006.0	
1884	4	21	21	0	0	1006.9	
1884	4	22	9	0	0	1006.1	
1884	4	22	21	0	0	1004.0	
1884	4	23	9	0	0	1002.5	
1884	4	23	21	0	0	1001.4	
1884	4	24	9	0	0	1001.2	
1884	4	24	21	0	0	1001.8	
1884	4	25	9	0	0	1001.7	
1884	4	25	21	0	0	999.5	
1884	4	26	9	0	0	996.1	
1884	4	26	21	0	0	994.6	
1884	4	27	9	0	0	996.2	
1884	4	27	21	0	0	1001.5	
1884	4	28	9	0	0	1004.5	
1884	4	28	21	0	0	1002.6	
1884	4	29	9	0	0	997.6	
1884	4	29	21	0	0	990.7	
1884	4	30	9	0	0	985.7	
1884	4	30	21	0	0	991.8	
1884	5	1	9	0	0	983.3	
1884	5	1	21	0	0	979.3	
1884	5	2	9	0	0	979.6	
1884	5	2	21	0	0	978.1	
1884	5	3	9	0	0	970.8	
1884	5	3	21	0	0	966.1	
1884	5	4	9	0	0	968.4	
1884	5	4	21	0	0	976.4	
1884	5	5	9	0	0	980.1	
1884	5	5	21	0	0	987.4	
1884	5	6	9	0	0	993.0	
1884	5	6	21	0	0	999.0	
1884	5	7	9	0	0	999.7	
1884	5	7	21	0	0	985.8	
1884	5	8	9	0	0	987.2	
1884	5	8	21	0	0	994.4	
1884	5	9	9	0	0	995.9	
1884	5	9	21	0	0	1002.3	
1884	5	10	9	0	0	1004.7	
1884	5	10	21	0	0	1006.0	
1884	5	11	9	0	0	1002.9	
1884	5	11	21	0	0	996.8	
1884	5	12	9	0	0	1000.6	
1884	5	12	21	0	0	1001.7	
1884	5	13	9	0	0	1000.9	
1884	5	13	21	0	0	993.6	
1884	5	14	9	0	0	988.7	
1884	5	14	21	0	0	998.5	
1884	5	15	9	0	0	991.2	
1884	5	15	21	0	0	992.8	
1884	5	16	9	0	0	992.7	
1884	5	16	21	0	0	988.9	
1884	5	17	9	0	0	986.0	
1884	5	17	21	0	0	983.1	
1884	5	18	9	0	0	988.7	
1884	5	18	21	0	0	996.5	
1884	5	19	9	0	0	998.8	
1884	5	19	21	0	0	1000.7	
1884	5	20	9	0	0	1003.5	
1884	5	20	21	0	0	1009.1	
1884	5	21	9	0	0	1012.4	
1884	5	21	21	0	0	1011.7	
1884	5	22	9	0	0	1014.1	
1884	5	22	21	0	0	1014.7	
1884	5	23	9	0	0	1013.6	
1884	5	23	21	0	0	1010.8	
1884	5	24	9	0	0	1011.0	
1884	5	24	21	0	0	1012.4	
1884	5	25	9	0	0	1012.3	
1884	5	25	21	0	0	1014.0	
1884	5	26	9	0	0	1015.5	
1884	5	26	21	0	0	1017.0	
1884	5	27	9	0	0	1016.0	
1884	5	27	21	0	0	1015.6	
1884	5	28	9	0	0	1015.6	
1884	5	28	21	0	0	1015.6	
1884	5	29	9	0	0	1015.5	
1884	5	29	21	0	0	1012.8	
1884	5	30	9	0	0	1010.2	
1884	5	30	21	0	0	1008.9	
1884	5	31	9	0	0	1009.2	
1884	5	31	21	0	0	1005.3	
1884	6	1	9	0	0	994.6	
1884	6	1	21	0	0	986.3	
1884	6	2	9	0	0	988.7	
1884	6	2	21	0	0	994.5	
1884	6	3	9	0	0	996.4	
1884	6	3	21	0	0	996.7	
1884	6	4	9	0	0	997.2	
1884	6	4	21	0	0	997.6	
1884	6	5	9	0	0	996.9	
1884	6	5	21	0	0	993.3	
1884	6	6	9	0	0	992.1	
1884	6	6	21	0	0	992.3	
1884	6	7	9	0	0	994.0	
1884	6	7	21	0	0	996.6	
1884	6	8	9	0	0	997.1	
1884	6	8	21	0	0	999.7	
1884	6	9	9	0	0	1001.6	
1884	6	9	21	0	0	1003.7	
1884	6	10	9	0	0	1004.2	
1884	6	10	21	0	0	1003.9	
1884	6	11	9	0	0	999.4	
1884	6	11	21	0	0	1005.7	
1884	6	12	9	0	0	1011.0	
1884	6	12	21	0	0	1011.4	
1884	6	13	9	0	0	1006.3	
1884	6	13	21	0	0	1012.8	
1884	6	14	9	0	0	1013.2	
1884	6	14	21	0	0	1013.8	
1884	6	15	9	0	0	1013.0	
1884	6	15	21	0	0	1013.5	
1884	6	16	9	0	0	1011.2	
1884	6	16	21	0	0	1010.3	
1884	6	17	9	0	0	1009.6	
1884	6	17	21	0	0	1010.2	
1884	6	18	9	0	0	1010.0	
1884	6	18	21	0	0	1010.9	
1884	6	19	9	0	0	1011.7	
1884	6	19	21	0	0	1012.1	
1884	6	20	9	0	0	1012.0	
1884	6	20	21	0	0	1011.6	
1884	6	21	9	0	0	1010.4	
1884	6	21	21	0	0	1009.7	
1884	6	22	9	0	0	1007.8	
1884	6	22	21	0	0	1006.1	
1884	6	23	9	0	0	1005.7	
1884	6	23	21	0	0	1001.5	
1884	6	24	9	0	0	996.0	
1884	6	24	21	0	0	993.0	
1884	6	25	9	0	0	999.9	
1884	6	25	21	0	0	1003.4	
1884	6	26	9	0	0	1003.2	
1884	6	26	21	0	0	1005.3	
1884	6	27	9	0	0	1009.0	
1884	6	27	21	0	0	1010.1	
1884	6	28	9	0	0	1011.2	
1884	6	28	21	0	0	1009.2	
1884	6	29	9	0	0	1005.9	
1884	6	29	21	0	0	1004.8	
1884	6	30	9	0	0	1004.6	
1884	6	30	21	0	0	1006.7	
1884	7	1	9	0	0	1009.6	
1884	7	1	21	0	0	1010.3	
1884	7	2	9	0	0	1009.6	
1884	7	2	21	0	0	1007.1	
1884	7	3	9	0	0	1005.0	
1884	7	3	21	0	0	1002.7	
1884	7	4	9	0	0	1002.8	
1884	7	4	21	0	0	1001.2	
1884	7	5	9	0	0	1001.0	
1884	7	5	21	0	0	1000.6	
1884	7	6	9	0	0	998.7	
1884	7	6	21	0	0	998.4	
1884	7	7	9	0	0	998.6	
1884	7	7	21	0	0	999.2	
1884	7	8	9	0	0	999.5	
1884	7	8	21	0	0	999.6	
1884	7	9	9	0	0	998.7	
1884	7	9	21	0	0	997.1	
1884	7	10	9	0	0	992.6	
1884	7	10	21	0	0	989.4	
1884	7	11	9	0	0	987.8	
1884	7	11	21	0	0	992.9	
1884	7	12	9	0	0	992.8	
1884	7	12	21	0	0	996.2	
1884	7	13	9	0	0	997.3	
1884	7	13	21	0	0	991.6	
1884	7	14	9	0	0	991.2	
1884	7	14	21	0	0	991.9	
1884	7	15	9	0	0	993.8	
1884	7	15	21	0	0	989.4	
1884	7	16	9	0	0	981.9	
1884	7	16	21	0	0	980.8	
1884	7	17	9	0	0	983.9	
1884	7	17	21	0	0	993.0	
1884	7	18	9	0	0	995.3	
1884	7	18	21	0	0	1001.2	
1884	7	19	9	0	0	1006.0	
1884	7	19	21	0	0	1008.5	
1884	7	20	9	0	0	1008.3	
1884	7	20	21	0	0	1005.5	
1884	7	21	9	0	0	1000.4	
1884	7	21	21	0	0	1000.4	
1884	7	22	9	0	0	999.7	
1884	7	22	21	0	0	996.9	
1884	7	23	9	0	0	992.8	
1884	7	23	21	0	0	989.3	
1884	7	24	9	0	0	987.7	
1884	7	24	21	0	0	994.8	
1884	7	25	9	0	0	1001.2	
1884	7	25	21	0	0	1003.8	
1884	7	26	9	0	0	1002.6	
1884	7	26	21	0	0	998.9	
1884	7	27	9	0	0	1001.5	
1884	7	27	21	0	0	1006.4	
1884	7	28	9	0	0	1005.7	
1884	7	28	21	0	0	1003.8	
1884	7	29	9	0	0	1006.3	
1884	7	29	21	0	0	1008.7	
1884	7	30	9	0	0	1008.8	
1884	7	30	21	0	0	1007.1	
1884	7	31	9	0	0	1009.1	
1884	7	31	21	0	0	1009.4	
1884	8	1	9	0	0	1008.0	
1884	8	1	21	0	0	1001.3	
1884	8	2	9	0	0	995.4	
1884	8	2	21	0	0	996.5	
1884	8	3	9	0	0	997.2	
1884	8	3	21	0	0	1000.8	
1884	8	4	9	0	0	1005.6	
1884	8	4	21	0	0	1009.1	
1884	8	5	9	0	0	1008.8	
1884	8	5	21	0	0	1008.2	
1884	8	6	9	0	0	1007.7	
1884	8	6	21	0	0	1006.1	
1884	8	7	9	0	0	1007.7	
1884	8	7	21	0	0	1008.4	
1884	8	8	9	0	0	1009.2	
1884	8	8	21	0	0	1006.7	
1884	8	9	9	0	0	1005.3	
1884	8	9	21	0	0	1003.4	
1884	8	10	9	0	0	1002.4	
1884	8	10	21	0	0	1000.2	
1884	8	11	9	0	0	1000.5	
1884	8	11	21	0	0	1001.0	
1884	8	12	9	0	0	1000.4	
1884	8	12	21	0	0	999.8	
1884	8	13	9	0	0	997.8	
1884	8	13	21	0	0	998.4	
1884	8	14	9	0	0	999.2	
1884	8	14	21	0	0	1002.8	
1884	8	15	9	0	0	1004.3	
1884	8	15	21	0	0	1002.6	
1884	8	16	9	0	0	1002.0	
1884	8	16	21	0	0	1001.8	
1884	8	17	9	0	0	1001.1	
1884	8	17	21	0	0	1001.1	
1884	8	18	9	0	0	1000.4	
1884	8	18	21	0	0	995.8	
1884	8	19	9	0	0	992.8	
1884	8	19	21	0	0	998.4	
1884	8	20	9	0	0	1003.5	
1884	8	20	21	0	0	1002.9	
1884	8	21	9	0	0	1009.2	
1884	8	21	21	0	0	1010.8	
1884	8	22	9	0	0	1008.4	
1884	8	22	21	0	0	1006.1	
1884	8	23	9	0	0	1005.1	
1884	8	23	21	0	0	1004.1	
1884	8	24	9	0	0	1001.8	
1884	8	24	21	0	0	1001.2	
1884	8	25	9	0	0	1004.7	
1884	8	25	21	0	0	1008.1	
1884	8	26	9	0	0	1006.0	
1884	8	26	21	0	0	1004.7	
1884	8	27	9	0	0	1001.2	
1884	8	27	21	0	0	994.2	
1884	8	28	9	0	0	987.1	
1884	8	28	21	0	0	984.9	
1884	8	29	9	0	0	988.3	
1884	8	29	21	0	0	991.7	
1884	8	30	9	0	0	993.3	
1884	8	30	21	0	0	992.4	
1884	8	31	9	0	0	991.9	
1884	8	31	21	0	0	990.5	
1884	9	1	9	0	0	987.4	
1884	9	1	21	0	0	986.5	
1884	9	2	9	0	0	987.1	
1884	9	2	21	0	0	988.8	
1884	9	3	9	0	0	990.6	
1884	9	3	21	0	0	990.6	
1884	9	4	9	0	0	990.0	
1884	9	4	21	0	0	988.5	
1884	9	5	9	0	0	987.3	
1884	9	5	21	0	0	987.7	
1884	9	6	9	0	0	987.4	
1884	9	6	21	0	0	981.8	
1884	9	7	9	0	0	984.4	
1884	9	7	21	0	0	996.2	
1884	9	8	9	0	0	1002.2	
1884	9	8	21	0	0	1003.9	
1884	9	9	9	0	0	1006.1	
1884	9	9	21	0	0	1008.3	
1884	9	10	9	0	0	1010.5	
1884	9	10	21	0	0	1011.4	
1884	9	11	9	0	0	1014.6	
1884	9	11	21	0	0	1018.0	
1884	9	12	9	0	0	1020.7	
1884	9	12	21	0	0	1021.3	
1884	9	13	9	0	0	1021.5	
1884	9	13	21	0	0	1019.2	
1884	9	14	9	0	0	1018.1	
1884	9	14	21	0	0	1014.5	
1884	9	15	9	0	0	1012.9	
1884	9	15	21	0	0	1011.6	
1884	9	16	9	0	0	1010.7	
1884	9	16	21	0	0	1010.6	
1884	9	17	9	0	0	1012.8	
1884	9	17	21	0	0	1015.8	
1884	9	18	9	0	0	1018.2	
1884	9	18	21	0	0	1017.0	
1884	9	19	9	0	0	1014.3	
1884	9	19	21	0	0	1009.2	
1884	9	20	9	0	0	1003.6	
1884	9	20	21	0	0	996.6	
1884	9	21	9	0	0	989.3	
1884	9	21	21	0	0	986.1	
1884	9	22	9	0	0	988.1	
1884	9	22	21	0	0	994.2	
1884	9	23	9	0	0	1001.5	
1884	9	23	21	0	0	1001.8	
1884	9	24	9	0	0	994.7	
1884	9	24	21	0	0	996.6	
1884	9	25	9	0	0	1002.5	
1884	9	25	21	0	0	995.0	
1884	9	26	9	0	0	991.7	
1884	9	26	21	0	0	992.6	
1884	9	27	9	0	0	979.4	
1884	9	27	21	0	0	990.2	
1884	9	28	9	0	0	993.0	
1884	9	28	21	0	0	992.4	
1884	9	29	9	0	0	1000.3	
1884	9	29	21	0	0	1003.4	
1884	9	30	9	0	0	1002.0	
1884	9	30	21	0	0	990.8	
1884	10	1	9	0	0	995.7	
1884	10	1	21	0	0	1003.7	
1884	10	2	9	0	0	999.7	
1884	10	2	21	0	0	988.8	
1884	10	3	9	0	0	996.2	
1884	10	3	21	0	0	1008.9	
1884	10	4	9	0	0	1019.0	
1884	10	4	21	0	0	1024.9	
1884	10	5	9	0	0	1028.0	
1884	10	5	21	0	0	1028.7	
1884	10	6	9	0	0	1025.6	
1884	10	6	21	0	0	1020.9	
1884	10	7	9	0	0	1015.7	
1884	10	7	21	0	0	1005.3	
1884	10	8	9	0	0	991.8	
1884	10	8	21	0	0	985.3	
1884	10	9	9	0	0	985.3	
1884	10	9	21	0	0	988.9	
1884	10	10	9	0	0	989.1	
1884	10	10	21	0	0	992.5	
1884	10	11	9	0	0	991.1	
1884	10	11	21	0	0	996.9	
1884	10	12	9	0	0	1002.6	
1884	10	12	21	0	0	1006.1	
1884	10	13	9	0	0	1004.3	
1884	10	13	21	0	0	1000.8	
1884	10	14	9	0	0	1003.9	
1884	10	14	21	0	0	1006.5	
1884	10	15	9	0	0	1001.8	
1884	10	15	21	0	0	1007.0	
1884	10	16	9	0	0	1008.4	
1884	10	16	21	0	0	1005.7	
1884	10	17	9	0	0	1006.2	
1884	10	17	21	0	0	1008.8	
1884	10	18	9	0	0	1011.6	
1884	10	18	21	0	0	1008.2	
1884	10	19	9	0	0	1008.5	
1884	10	19	21	0	0	1009.9	
1884	10	20	9	0	0	1011.4	
1884	10	20	21	0	0	1011.8	
1884	10	21	9	0	0	1010.1	
1884	10	21	21	0	0	1008.7	
1884	10	22	9	0	0	1007.9	
1884	10	22	21	0	0	1004.4	
1884	10	23	9	0	0	1000.4	
1884	10	23	21	0	0	998.4	
1884	10	24	9	0	0	1000.8	
1884	10	24	21	0	0	1003.9	
1884	10	25	9	0	0	995.7	
1884	10	25	21	0	0	976.3	
1884	10	26	9	0	0	975.4	
1884	10	26	21	0	0	980.4	
1884	10	27	9	0	0	989.9	
1884	10	27	21	0	0	975.4	
1884	10	28	9	0	0	971.6	
1884	10	28	21	0	0	990.9	
1884	10	29	9	0	0	995.2	
1884	10	29	21	0	0	995.8	
1884	10	30	9	0	0	997.4	
1884	10	30	21	0	0	992.7	
1884	10	31	9	0	0	993.7	
1884	10	31	21	0	0	996.6	
1884	11	1	9	0	0	994.0	
1884	11	1	21	0	0	997.2	
1884	11	2	9	0	0	992.4	
1884	11	2	21	0	0	998.3	
1884	11	3	9	0	0	998.9	
1884	11	3	21	0	0	1002.3	
1884	11	4	9	0	0	993.2	
1884	11	4	21	0	0	976.0	
1884	11	5	9	0	0	977.9	
1884	11	5	21	0	0	988.0	
1884	11	6	9	0	0	997.5	
1884	11	6	21	0	0	999.3	
1884	11	7	9	0	0	982.3	
1884	11	7	21	0	0	993.2	
1884	11	8	9	0	0	999.4	
1884	11	8	21	0	0	995.6	
1884	11	9	9	0	0	997.8	
1884	11	9	21	0	0	1007.8	
1884	11	10	9	0	0	1017.8	
1884	11	10	21	0	0	1017.2	
1884	11	11	9	0	0	1013.3	
1884	11	11	21	0	0	1011.5	
1884	11	12	9	0	0	1007.9	
1884	11	12	21	0	0	1009.3	
1884	11	13	9	0	0	1018.6	
1884	11	13	21	0	0	1023.7	
1884	11	14	9	0	0	1025.1	
1884	11	14	21	0	0	1021.6	
1884	11	15	9	0	0	1021.4	
1884	11	15	21	0	0	1018.7	
1884	11	16	9	0	0	1016.5	
1884	11	16	21	0	0	1014.6	
1884	11	17	9	0	0	1015.9	
1884	11	17	21	0	0	1020.7	
1884	11	18	9	0	0	1022.4	
1884	11	18	21	0	0	1026.3	
1884	11	19	9	0	0	1021.7	
1884	11	19	21	0	0	1019.8	
1884	11	20	9	0	0	1008.2	
1884	11	20	21	0	0	1004.6	
1884	11	21	9	0	0	1009.7	
1884	11	21	21	0	0	1012.0	
1884	11	22	9	0	0	1009.5	
1884	11	22	21	0	0	1009.8	
1884	11	23	9	0	0	1010.0	
1884	11	23	21	0	0	1007.9	
1884	11	24	9	0	0	1009.4	
1884	11	24	21	0	0	1009.7	
1884	11	25	9	0	0	1009.7	
1884	11	25	21	0	0	1011.0	
1884	11	26	9	0	0	1008.5	
1884	11	26	21	0	0	1004.3	
1884	11	27	9	0	0	994.5	
1884	11	27	21	0	0	988.5	
1884	11	28	9	0	0	990.5	
1884	11	28	21	0	0	995.1	
1884	11	29	9	0	0	997.8	
1884	11	29	21	0	0	1002.5	
1884	11	30	9	0	0	999.2	
1884	11	30	21	0	0	1000.4	
1884	12	1	9	0	0	1001.6	
1884	12	1	21	0	0	997.2	
1884	12	2	9	0	0	983.5	
1884	12	2	21	0	0	982.4	
1884	12	3	9	0	0	966.5	
1884	12	3	21	0	0	972.3	
1884	12	4	9	0	0	971.0	
1884	12	4	21	0	0	977.6	
1884	12	5	9	0	0	981.4	
1884	12	5	21	0	0	983.0	
1884	12	6	9	0	0	977.0	
1884	12	6	21	0	0	977.2	
1884	12	7	9	0	0	981.2	
1884	12	7	21	0	0	976.4	
1884	12	8	9	0	0	990.7	
1884	12	8	21	0	0	987.7	
1884	12	9	9	0	0	990.7	
1884	12	9	21	0	0	995.0	
1884	12	10	9	0	0	987.3	
1884	12	10	21	0	0	974.1	
1884	12	11	9	0	0	972.8	
1884	12	11	21	0	0	990.8	
1884	12	12	9	0	0	999.0	
1884	12	12	21	0	0	992.3	
1884	12	13	9	0	0	993.9	
1884	12	13	21	0	0	995.7	
1884	12	14	9	0	0	981.7	
1884	12	14	21	0	0	981.5	
1884	12	15	9	0	0	983.0	
1884	12	15	21	0	0	985.6	
1884	12	16	9	0	0	988.5	
1884	12	16	21	0	0	984.8	
1884	12	17	9	0	0	983.0	
1884	12	17	21	0	0	992.7	
1884	12	18	9	0	0	981.9	
1884	12	18	21	0	0	974.0	
1884	12	19	9	0	0	969.6	
1884	12	19	21	0	0	968.6	
1884	12	20	9	0	0	975.5	
1884	12	20	21	0	0	997.3	
1884	12	21	9	0	0	1008.6	
1884	12	21	21	0	0	1016.7	
1884	12	22	9	0	0	1017.1	
1884	12	22	21	0	0	1013.9	
1884	12	23	9	0	0	1010.3	
1884	12	23	21	0	0	1009.0	
1884	12	24	9	0	0	1008.2	
1884	12	24	21	0	0	1009.1	
1884	12	25	9	0	0	1010.2	
1884	12	25	21	0	0	1010.4	
1884	12	26	9	0	0	1007.4	
1884	12	26	21	0	0	1007.9	
1884	12	27	9	0	0	1008.8	
1884	12	27	21	0	0	1007.8	
1884	12	28	9	0	0	1006.4	
1884	12	28	21	0	0	1003.2	
1884	12	29	9	0	0	998.9	
1884	12	29	21	0	0	998.7	
1884	12	30	9	0	0	1000.5	
1884	12	30	21	0	0	1002.0	
1884	12	31	9	0	0	1004.5	
1884	12	31	21	0	0	1006.0	
